Pipe,UGE,DGE,Diameter,Slope (%),Length,UCE,DCE,UIE,DIE,ABD,Total Discharge (lit/s),velocity (m/s),h/D,Shear Stress,Cost pipe,Cost up manhole,cost_pump
956,100,98.09,0.7,0.01,1,98.8,98.79,98.1,98.09,0.95,301.34,2.1506,39.24,14.5,64,744,0
371,103.045,100,0.7,0.0495,51,101.325,98.8,100.625,98.1,2.16,300.96,3.8216,25.82,51.24,5522,1015,0
600,103.101,103.045,0.7,0.0012,55,101.391,101.325,100.691,100.625,2.415,276.64,0.9378,71.62,2.46,6882,1009,0
315,103.041,103.101,0.7,0.0012,50,101.451,101.391,100.751,100.691,2.35,276.26,0.9376,71.55,2.46,6041,939,0
282,103.071,103.041,0.7,0.0012,50,101.511,101.451,100.811,100.751,2.275,275.88,0.9374,71.47,2.46,5793,921,0
550,103.176,103.071,0.7,0.0012,54,101.576,101.511,100.876,100.811,2.28,275.5,0.9373,71.39,2.46,6275,944,0
316,103.226,103.176,0.7,0.0012,50,101.636,101.576,100.936,100.876,2.295,275.12,0.9371,71.31,2.46,5859,939,0
301,103.366,103.226,0.7,0.0012,50,101.696,101.636,100.996,100.936,2.33,274.74,0.9369,71.24,2.45,5975,986,0
451,103.36,103.366,0.7,0.0012,53,101.76,101.696,101.06,100.996,2.335,274.36,0.9367,71.16,2.45,6351,944,0
331,103.331,103.36,0.7,0.0012,51,101.821,101.76,101.121,101.06,2.255,273.98,0.9365,71.08,2.45,5842,892,0
278,103.281,103.331,0.7,0.0012,50,101.881,101.821,101.181,101.121,2.155,273.6,0.9362,71,2.45,5397,827,0
477,103.375,103.281,0.7,0.0012,53,101.945,101.881,101.245,101.181,2.115,273.22,0.936,70.93,2.45,5580,844,0
300,103.705,103.375,0.7,0.0012,50,102.005,101.945,101.305,101.245,2.265,272.84,0.9358,70.85,2.45,5760,1003,0
216,103.917,103.705,0.7,0.0012,43,102.057,102.005,101.357,101.305,2.48,268.66,0.9335,70.01,2.44,5565,1097,0
224,104.052,103.917,0.7,0.0012,46,102.112,102.057,101.412,101.357,2.6,268.28,0.9333,69.94,2.44,6318,1144,0
737,103.931,104.052,0.6,0.0016,70,102.121,102.012,101.521,101.412,2.525,249.66,0.9894,83.54,2.86,8464,1009,0
668,103.909,103.931,0.6,0.0015,57,102.209,102.121,101.609,101.521,2.355,249.28,0.9531,87.17,2.66,6266,944,0
391,103.778,103.909,0.6,0.0015,51,102.288,102.209,101.688,101.609,2.195,248.9,0.9535,86.95,2.66,5079,821,0
314,103.815,103.778,0.6,0.0015,50,102.365,102.288,101.765,101.688,2.07,248.52,0.9539,86.75,2.67,4576,797,0
207,103.634,103.815,0.6,0.0016,42,102.434,102.365,101.834,101.765,1.925,248.14,0.9898,82.94,2.86,3566,720,28863
3207,103.634,103.634,0.25,-3.06,1,99.024,102.084,98.774,101.834,3.33,248.14,,,,104,850,0
638,103.57,103.634,0.6,0.0015,56,99.46,99.374,98.86,98.774,4.785,247.76,0.9546,86.34,2.67,12083,1973,0
577,103.574,103.57,0.6,0.0015,55,99.544,99.46,98.944,98.86,4.67,247.38,0.955,86.15,2.67,11466,1943,0
542,103.233,103.574,0.6,0.0015,54,99.623,99.544,99.023,98.944,4.42,242.44,0.9578,83.85,2.68,10401,1787,0
482,103.581,103.233,0.6,0.0015,53,99.701,99.623,99.101,99.023,4.345,242.06,0.9579,83.68,2.68,9957,1887,0
336,103.555,103.581,0.6,0.0015,51,99.775,99.701,99.175,99.101,4.43,241.68,0.958,83.52,2.68,9856,1850,0
525,103.374,103.555,0.6,0.0015,54,99.854,99.775,99.254,99.175,4.25,241.3,0.9581,83.36,2.68,9819,1754,0
225,103.361,103.374,0.6,0.0015,46,99.921,99.854,99.321,99.254,4.08,240.92,0.9582,83.21,2.68,7869,1724,0
673,103.533,103.361,0.6,0.0014,57,100.003,99.921,99.403,99.321,4.085,240.54,0.9211,87,2.49,9769,1758,0
341,103.166,103.533,0.6,0.0014,51,100.076,100.003,99.476,99.403,3.91,240.16,0.9215,86.78,2.49,8399,1600,0
312,103.618,103.166,0.6,0.0014,50,100.148,100.076,99.548,99.476,3.88,239.78,0.9219,86.57,2.49,8213,1736,0
465,104.004,103.618,0.6,0.0014,53,100.224,100.148,99.624,99.548,4.225,239.4,0.9222,86.36,2.49,9554,1850,0
661,103.925,104.004,0.6,0.0014,57,100.305,100.224,99.705,99.624,4.3,239.02,0.9226,86.16,2.49,10546,1791,0
198,103.602,103.925,0.6,0.0014,41,100.362,100.305,99.762,99.705,4.03,236.36,0.9244,84.83,2.5,6883,1653,0
716,103.39,103.602,0.6,0.0037,62,100.59,100.362,99.99,99.762,3.62,235.98,1.3972,57.68,5.92,9952,1498,0
830,103.447,103.39,0.6,0.0014,119,100.757,100.59,100.157,99.99,3.345,235.6,0.9247,84.47,2.5,18631,1459,0
751,103.405,103.447,0.6,0.0014,77,100.865,100.757,100.265,100.157,3.215,235.22,0.9249,84.3,2.5,11911,1406,0
886,103.411,103.405,0.6,0.0014,133,101.051,100.865,100.451,100.265,3.05,229.14,0.9262,81.73,2.51,20258,1333,0
863,103.2,103.411,0.6,0.0026,128,101.38,101.051,100.78,100.451,2.69,227.62,1.2076,63.25,4.36,16841,1015,0
789,103.81,103.2,0.6,0.0014,100,101.52,101.38,100.92,100.78,2.655,227.24,0.9263,81,2.51,12931,1291,0
872,103.762,103.81,0.6,0.0014,130,101.702,101.52,101.102,100.92,2.775,226.86,0.9262,80.85,2.51,17818,1156,0
824,104.087,103.762,0.6,0.0014,118,101.867,101.702,101.267,101.102,2.74,226.48,0.9262,80.71,2.51,15906,1250,0
781,104.373,104.087,0.6,0.0014,97,102.003,101.867,101.403,101.267,2.895,226.1,0.9262,80.57,2.51,14047,1338,0
814,104.2,104.373,0.6,0.0014,112,102.16,102.003,101.56,101.403,2.805,225.72,0.9262,80.43,2.51,15568,1144,0
850,104.235,104.2,0.6,0.0014,125,102.335,102.16,101.735,101.56,2.57,225.34,0.9261,80.29,2.51,15477,1062,0
870,104.157,104.235,0.6,0.0014,130,102.517,102.335,101.917,101.735,2.37,224.96,0.9261,80.15,2.51,14417,909,0
833,104.095,104.157,0.6,0.0014,120,102.685,102.517,102.085,101.917,2.125,224.58,0.926,80.01,2.51,11409,774,0
866,104.196,104.095,0.6,0.0014,129,102.866,102.685,102.266,102.085,1.97,224.2,0.926,79.87,2.51,11115,751,0
699,104.15,104.196,0.6,0.0014,60,102.95,102.866,102.35,102.266,1.865,223.82,0.9259,79.74,2.51,4994,720,28863
3699,104.15,104.15,0.25,-3.22,1,99.38,102.6,99.13,102.35,3.41,223.82,,,,106,887,0
847,104.397,104.15,0.6,0.0113,124,101.127,99.73,100.527,99.13,4.445,201.78,2.0344,38.17,13.76,24082,1664,0
793,104.591,104.397,0.6,0.0014,103,101.271,101.127,100.671,100.527,3.895,201.4,0.9163,72.58,2.47,16942,1681,0
140,104.566,104.591,0.6,0.0014,18,101.296,101.271,100.696,100.671,3.895,199.12,0.9148,71.92,2.46,2960,1664,0
112,104.579,104.566,0.6,0.0148,13,101.489,101.296,100.889,100.696,3.78,173.66,2.1519,32.8,16.01,2116,1600,0
139,104.594,104.579,0.6,0.0014,18,101.514,101.489,100.914,100.889,3.685,171,0.8903,64.28,2.36,2906,1596,0
785,104.573,104.594,0.6,0.0014,99,101.653,101.514,101.053,100.914,3.6,169.86,0.8891,63.98,2.36,15863,1540,0
904,104.466,104.573,0.6,0.0014,138,101.846,101.653,101.246,101.053,3.37,169.48,0.8887,63.88,2.36,21656,1434,0
859,104.172,104.466,0.6,0.0014,126,102.022,101.846,101.422,101.246,2.985,169.1,0.8883,63.78,2.36,18979,1209,0
806,104.545,104.172,0.6,0.0014,109,102.175,102.022,101.575,101.422,2.86,168.72,0.8879,63.68,2.35,15538,1338,0
105,104.579,104.545,0.6,0.027,12,102.499,102.175,101.899,101.575,2.825,159.98,2.6076,26.92,24.82,1683,1168,0
815,104.47,104.579,0.5,0.0016,113,102.58,102.399,102.08,101.899,2.535,148.58,0.8768,80.53,2.39,11960,997,0
861,104.553,104.47,0.5,0.0016,127,102.783,102.58,102.283,102.08,2.33,148.2,0.8768,80.32,2.39,11848,927,0
888,104.316,104.553,0.5,0.0016,133,102.996,102.783,102.496,102.283,2.045,147.82,0.8767,80.11,2.39,10088,725,0
935,104.455,104.316,0.5,0.0016,159,103.255,102.996,102.755,102.496,1.76,147.44,0.8766,79.9,2.39,10699,696,28863
3935,104.455,104.455,0.25,-3.24,1,99.765,103.005,99.515,102.755,3.32,147.44,,,,104,863,0
114,104.426,104.455,0.5,0.0016,13,100.036,100.015,99.536,99.515,4.915,146.3,0.8764,79.28,2.39,2611,2039,0
907,104.655,104.426,0.5,0.0055,139,100.805,100.036,100.305,99.536,4.62,123.88,1.3825,46.57,6.44,25800,1839,0
916,104.689,104.655,0.5,0.0016,140,101.029,100.805,100.529,100.305,4.255,123.5,0.8579,68.76,2.31,23339,1769,0
908,104.261,104.689,0.5,0.0016,139,101.251,101.029,100.751,100.529,3.835,123.12,0.8574,68.61,2.31,20896,1536,0
137,104.228,104.261,0.5,0.0016,17,101.278,101.251,100.778,100.751,3.48,99.94,0.8221,59.41,2.17,2439,1515,0
102,104.284,104.228,0.5,0.0016,10,101.294,101.278,100.794,100.778,3.47,98.8,0.82,58.97,2.16,1433,1529,0
448,104.258,104.284,0.4,0.002,52,101.298,101.194,100.898,100.794,3.425,95,0.8439,83.9,2.38,6033,612,0
265,104.246,104.258,0.4,0.002,49,101.396,101.298,100.996,100.898,3.305,94.62,0.8442,83.49,2.39,5512,595,0
304,104.236,104.246,0.4,0.002,50,101.496,101.396,101.096,100.996,3.195,94.24,0.8444,83.09,2.39,5462,577,0
332,104.268,104.236,0.4,0.002,51,101.598,101.496,101.198,101.096,3.105,93.86,0.8446,82.69,2.39,5436,566,0
660,104.192,104.268,0.4,0.002,57,101.712,101.598,101.312,101.198,2.975,93.48,0.8447,82.31,2.39,5820,522,0
128,104.192,104.192,0.4,0.002,15,101.742,101.712,101.342,101.312,2.865,74.1,0.8226,67.39,2.29,1440,513,0
385,104.094,104.192,0.4,0.002,51,101.844,101.742,101.444,101.342,2.75,73.72,0.8218,67.14,2.29,4573,457,0
346,104.036,104.094,0.4,0.002,51,101.946,101.844,101.546,101.444,2.57,73.34,0.821,66.89,2.29,4065,412,0
350,104.118,104.036,0.4,0.002,51,102.048,101.946,101.648,101.546,2.48,72.96,0.8202,66.64,2.28,3811,407,0
288,103.708,104.118,0.4,0.002,50,102.148,102.048,101.748,101.648,2.215,72.58,0.8194,66.39,2.28,3004,271,0
436,103.752,103.708,0.4,0.002,52,102.252,102.148,101.852,101.748,1.93,72.2,0.8186,66.14,2.28,2441,266,0
474,104.278,103.752,0.4,0.002,53,102.358,102.252,101.958,101.852,2.11,71.82,0.8178,65.89,2.27,2876,365,0
528,104.416,104.278,0.4,0.002,54,102.466,102.358,102.066,101.958,2.335,71.44,0.8169,65.65,2.27,3603,373,0
631,104.268,104.416,0.4,0.002,56,102.578,102.466,102.178,102.066,2.22,71.06,0.8161,65.4,2.27,3380,300,0
583,104.128,104.268,0.4,0.002,55,102.688,102.578,102.288,102.178,1.965,70.68,0.8152,65.15,2.26,2616,260,0
348,103.989,104.128,0.4,0.002,51,102.789,102.688,102.389,102.288,1.72,70.3,0.8144,64.91,2.26,2204,237,27203
3348,103.989,103.989,0.25,-3.29,1,99.349,102.639,99.099,102.389,3.245,70.3,,,,102,855,0
654,103.831,103.989,0.4,0.002,56,99.611,99.499,99.211,99.099,4.755,69.92,0.8135,64.66,2.26,8695,812,0
199,103.713,103.831,0.4,0.002,41,99.693,99.611,99.293,99.211,4.52,69.54,0.8126,64.42,2.25,6081,780,0
157,103.653,103.713,0.4,0.002,25,99.743,99.693,99.343,99.293,4.365,69.16,0.8117,64.17,2.25,3594,763,0
2,103.503,103.653,0.4,0.002,75,99.893,99.743,99.493,99.343,4.16,64.22,0.7993,61.04,2.2,10329,715,0
837,103.501,103.503,0.25,0.0033,148,100.231,99.743,99.981,99.493,3.765,31.92,0.7908,76.63,2.45,17343,638,0
855,103.496,103.503,0.25,0.0096,101,100.716,99.743,100.466,99.493,3.52,31.54,1.2104,52.42,6.06,11118,560,0
919,103.504,103.501,0.25,0.0033,101,100.564,100.231,100.314,99.981,3.355,31.54,0.7899,75.82,2.45,10634,585,0
889,103.498,103.496,0.25,0.0033,134,101.158,100.716,100.908,100.466,2.81,31.16,0.7888,75.02,2.44,11337,440,0
887,103.497,103.498,0.25,0.0033,133,101.597,101.158,101.347,100.908,2.37,30.78,0.7876,74.24,2.44,8051,317,0
920,103.505,103.497,0.25,0.0033,213,102.305,101.597,102.055,101.347,1.8,30.4,0.7864,73.48,2.43,7851,223,25233
3920,103.505,103.505,0.25,-3.27,1,99.035,102.305,98.785,102.055,3.085,30.4,,,,97,828,0
873,103.503,103.504,0.25,0.0033,130,100.993,100.564,100.743,100.314,2.975,30.02,0.785,72.72,2.42,12172,488,0
893,103.499,103.503,0.25,0.0063,206,102.299,100.993,102.049,100.743,2.105,28.12,1.0033,55.58,4.12,9484,223,25233
3893,103.499,103.499,0.25,-0.0079,400,99.159,102.299,98.909,102.049,3.02,28.12,,,,38232,807,0
871,103.496,103.505,0.25,0.0033,58,99.226,99.035,98.976,98.785,4.62,26.98,0.7713,67.03,2.36,8234,796,0
875,103.498,103.496,0.25,0.0033,131,99.658,99.226,99.408,98.976,4.305,26.6,0.7693,66.35,2.35,17402,728,0
915,103.502,103.499,0.25,0.0033,110,99.522,99.159,99.272,98.909,4.41,26.22,0.7672,65.67,2.34,14947,750,0
938,103.569,103.498,0.25,0.0033,164,100.199,99.658,99.949,99.408,3.855,26.22,0.7672,65.67,2.34,19646,653,0
249,103.611,103.569,0.25,0.0136,48,100.851,100.199,100.601,99.949,3.315,25.46,1.3041,41.93,7.4,4998,557,0
6,104.152,103.502,0.25,0.0033,100,99.852,99.522,99.602,99.272,4.39,24.7,0.7581,63.01,2.3,13531,801,0
197,103.015,103.045,0.25,0.0187,40,101.625,100.875,101.375,100.625,2.03,23.94,1.4406,37.18,9.3,1677,241,0
291,102.994,103.015,0.25,0.0034,50,101.794,101.625,101.544,101.375,1.545,23.56,0.7594,60.45,2.32,1623,223,25233
3291,102.994,102.994,0.25,-3.54,1,98.254,101.794,98.004,101.544,3.22,23.56,,,,101,871,0
113,104.065,104.152,0.25,0.0033,13,99.895,99.852,99.645,99.602,4.485,23.18,0.7479,60.39,2.25,1794,780,0
374,103.032,102.994,0.25,0.0033,51,98.422,98.254,98.172,98.004,4.925,23.18,0.7479,60.39,2.25,7692,850,0
637,103.057,103.032,0.25,0.0033,56,98.607,98.422,98.357,98.172,4.78,22.8,0.7452,59.74,2.24,8210,825,0
782,104.272,104.261,0.25,0.0083,97,101.802,101.001,101.552,100.751,3.115,22.8,1.0561,45.26,4.76,9538,477,0
335,103.075,103.057,0.25,0.0033,51,98.775,98.607,98.525,98.357,4.625,22.42,0.7424,59.1,2.23,7248,801,0
786,104.299,104.272,0.25,0.0033,99,102.129,101.802,101.879,101.552,2.57,22.42,0.7424,59.1,2.23,7076,393,0
131,104.429,104.426,0.25,0.0033,16,99.839,99.786,99.589,99.536,4.865,22.04,0.7396,58.45,2.22,2385,847,0
177,103.92,104.065,0.25,0.0033,35,100.01,99.895,99.76,99.645,4.29,22.04,0.7396,58.45,2.22,4634,739,0
429,103.347,103.075,0.25,0.0033,52,98.947,98.775,98.697,98.525,4.6,22.04,0.7396,58.45,2.22,7352,817,0
156,104.113,104.15,0.25,0.0033,25,99.463,99.38,99.213,99.13,4.96,21.66,0.7367,57.8,2.2,3796,857,0
433,103.769,103.347,0.25,0.0033,52,99.119,98.947,98.869,98.697,4.775,21.66,0.7367,57.8,2.2,7616,857,0
463,103.795,103.92,0.25,0.0033,53,100.185,100.01,99.935,99.76,4.01,21.66,0.7367,57.8,2.2,6587,692,0
149,103.858,103.769,0.25,0.0033,21,99.188,99.119,98.938,98.869,4.91,21.28,0.7337,57.16,2.19,3158,860,0
247,103.76,103.795,0.25,0.0033,47,100.34,100.185,100.09,99.935,3.765,21.28,0.7337,57.16,2.19,5507,661,0
220,103.718,103.76,0.25,0.0033,45,100.488,100.34,100.238,100.09,3.575,20.9,0.7307,56.51,2.18,5025,631,0
242,103.763,103.858,0.25,0.0033,47,99.343,99.188,99.093,98.938,4.795,20.9,0.7307,56.51,2.18,6911,820,0
250,103.711,103.763,0.25,0.0033,48,99.501,99.343,99.251,99.093,4.565,20.52,0.7276,55.87,2.16,6738,787,0
937,104.413,104.566,0.25,0.0139,163,103.213,100.946,102.963,100.696,2.66,20.52,1.24,37.06,6.89,12453,223,7496
3937,104.413,104.413,0.25,-2.92,1,100.293,103.213,100.043,102.963,2.91,20.52,,,,90,773,0
362,103.669,103.711,0.25,0.0033,51,99.669,99.501,99.419,99.251,4.355,20.14,0.7244,55.22,2.15,6849,754,0
773,104.327,104.413,0.25,0.0033,92,100.597,100.293,100.347,100.043,4.175,20.14,0.7244,55.22,2.15,11874,711,0
158,104.044,104.299,0.25,0.0286,25,102.844,102.129,102.594,101.879,1.935,19.76,1.5915,30.05,12.01,979,223,7496
421,103.751,103.669,0.25,0.0033,52,99.841,99.669,99.591,99.419,4.205,19.76,0.7211,54.58,2.13,6757,739,0
753,104.264,104.327,0.25,0.0033,78,100.854,100.597,100.604,100.347,3.82,19.76,0.7211,54.58,2.13,9264,660,0
3158,104.044,104.044,0.25,-3.34,1,99.504,102.844,99.254,102.594,3.12,19.76,,,,98,839,0
159,104.079,104.113,0.25,0.0033,26,99.549,99.463,99.299,99.213,4.84,18.24,0.7073,51.99,2.07,3857,838,0
205,103.806,104.052,0.25,0.0046,42,101.856,101.662,101.606,101.412,2.42,18.24,0.801,47.16,2.71,2657,331,0
749,104.403,104.429,0.25,0.0033,77,100.093,99.839,99.843,99.589,4.7,18.24,0.7073,51.99,2.07,11111,803,0
186,103.508,103.611,0.25,0.0091,36,101.178,100.851,100.928,100.601,2.795,17.86,1.0235,38.55,4.65,3016,438,0
274,104.141,104.079,0.25,0.0033,49,99.711,99.549,99.461,99.299,4.73,17.86,0.7037,51.34,2.06,7113,822,0
412,103.498,103.806,0.25,0.0033,52,102.028,101.856,101.778,101.606,1.96,17.86,0.7037,51.34,2.06,2059,249,0
827,104.392,104.403,0.25,0.0033,118,100.482,100.093,100.232,99.843,4.36,17.86,0.7037,51.34,2.06,15863,739,0
150,103.707,103.718,0.25,0.0033,21,100.557,100.488,100.307,100.238,3.44,17.48,0.6999,50.69,2.04,2262,619,0
269,103.753,103.751,0.25,0.0033,49,100.003,99.841,99.753,99.591,4.08,17.48,0.6999,50.69,2.04,6189,714,0
394,103.396,103.498,0.25,0.0032,52,102.196,102.028,101.946,101.778,1.585,17.48,0.6919,51.15,1.99,1724,223,7496
554,104.099,104.141,0.25,0.0033,54,99.889,99.711,99.639,99.461,4.57,17.48,0.6999,50.69,2.04,7588,787,0
689,103.499,103.508,0.25,0.0033,58,101.369,101.178,101.119,100.928,2.48,17.48,0.6999,50.69,2.04,3860,382,0
745,104.37,104.392,0.25,0.0033,75,100.73,100.482,100.48,100.232,4.025,17.48,0.6999,50.69,2.04,9354,696,0
3394,103.396,103.396,0.25,-3.55,1,98.646,102.196,98.396,101.946,3.225,17.48,,,,101,873,0
503,104.247,104.099,0.25,0.0033,54,100.067,99.889,99.817,99.639,4.445,17.1,0.6961,50.04,2.02,7392,782,0
527,103.831,103.753,0.25,0.0033,54,100.181,100.003,99.931,99.753,3.95,17.1,0.6961,50.04,2.02,6617,698,0
611,103.458,103.396,0.25,0.0033,55,98.828,98.646,98.578,98.396,4.94,17.1,0.6961,50.04,2.02,8319,854,0
293,103.856,103.831,0.25,0.0033,50,100.346,100.181,100.096,99.931,3.83,16.72,0.6922,49.38,2.01,5953,676,0
307,103.443,103.458,0.25,0.0033,50,98.993,98.828,98.743,98.578,4.79,16.72,0.6922,49.38,2.01,7345,825,0
322,103.902,104.247,0.25,0.0033,50,100.232,100.067,99.982,99.817,4.175,16.72,0.6922,49.38,2.01,6453,701,0
788,103.789,103.499,0.25,0.0092,100,102.289,101.369,102.039,101.119,2.065,16.72,1.0093,37.09,4.57,4385,252,0
170,104.014,103.902,0.25,0.0033,31,100.334,100.232,100.084,99.982,3.925,16.34,0.6882,48.72,1.99,3776,703,0
237,104.028,103.856,0.25,0.0033,46,100.498,100.346,100.248,100.096,3.77,16.34,0.6882,48.72,1.99,5397,679,0
476,103.448,103.443,0.25,0.0033,53,99.168,98.993,98.918,98.743,4.615,16.34,0.6882,48.72,1.99,7517,798,0
508,103.937,103.789,0.25,0.0033,54,102.467,102.289,102.217,102.039,1.735,16.34,0.6882,48.72,1.99,1930,249,0
168,104.163,104.014,0.25,0.0033,30,100.433,100.334,100.183,100.084,3.955,15.96,0.6841,48.06,1.97,3680,711,0
183,103.706,103.707,0.25,0.0033,36,100.676,100.557,100.426,100.307,3.34,15.96,0.6841,48.06,1.97,3774,600,0
489,103.453,104.028,0.25,0.0033,53,100.673,100.498,100.423,100.248,3.405,15.96,0.6841,48.06,1.97,5657,560,0
636,103.453,103.448,0.25,0.0033,56,99.353,99.168,99.103,98.918,4.44,15.96,0.6841,48.06,1.97,7658,769,0
644,104.082,103.937,0.25,0.0033,56,102.652,102.467,102.402,102.217,1.7,15.96,0.6841,48.06,1.97,1967,245,0
261,104.16,104.082,0.25,0.0033,48,102.81,102.652,102.56,102.402,1.64,15.58,0.6799,47.39,1.95,1637,237,0
262,103.668,103.706,0.25,0.0033,49,100.838,100.676,100.588,100.426,3.18,15.58,0.6799,47.39,1.95,4910,568,0
395,103.445,103.453,0.25,0.0033,52,99.525,99.353,99.275,99.103,4.26,15.58,0.6799,47.39,1.95,6840,741,0
447,103.325,103.453,0.25,0.0033,52,100.845,100.673,100.595,100.423,2.88,15.58,0.6799,47.39,1.95,4598,480,0
299,103.35,103.325,0.25,0.0033,50,101.01,100.845,100.76,100.595,2.66,15.2,0.6756,46.73,1.94,3820,440,0
363,103.646,103.668,0.25,0.0033,51,101.006,100.838,100.756,100.588,2.985,15.2,0.6756,46.73,1.94,4803,524,0
497,103.38,103.445,0.25,0.0033,53,99.7,99.525,99.45,99.275,4.05,15.2,0.6756,46.73,1.94,6648,703,0
694,104.231,104.16,0.25,0.0037,59,103.031,102.81,102.781,102.56,1.525,15.2,0.7049,45.23,2.12,1895,223,7496
3694,104.231,104.231,0.25,-3.48,1,99.551,103.031,99.301,102.781,3.19,15.2,,,,100,861,0
323,103.661,103.646,0.25,0.0033,50,101.171,101.006,100.921,100.756,2.815,14.82,0.6712,46.05,1.92,4244,482,0
458,103.435,103.38,0.25,0.0033,53,99.875,99.7,99.625,99.45,3.87,14.82,0.6712,46.05,1.92,6372,684,0
529,103.328,103.35,0.25,0.0033,54,101.188,101.01,100.938,100.76,2.49,14.82,0.6712,46.05,1.92,3623,384,0
294,103.44,103.435,0.25,0.0033,50,100.04,99.875,99.79,99.625,3.73,14.44,0.6667,45.38,1.9,5808,658,0
515,103.466,103.328,0.25,0.0033,54,101.366,101.188,101.116,100.938,2.37,14.44,0.6667,45.38,1.9,3269,373,0
714,103.656,103.661,0.25,0.0033,62,101.376,101.171,101.126,100.921,2.635,14.44,0.6667,45.38,1.9,4652,424,0
537,103.664,103.656,0.25,0.0033,54,101.554,101.376,101.304,101.126,2.445,14.06,0.6621,44.7,1.88,3490,376,0
627,103.358,103.466,0.25,0.0033,55,101.548,101.366,101.298,101.116,2.205,14.06,0.6621,44.7,1.88,2833,292,0
777,104.15,104.192,0.25,0.0146,95,102.95,101.562,102.7,101.312,2.165,14.06,1.1358,29.99,6.12,4685,223,7496
3777,104.15,104.15,0.25,-3.29,1,99.66,102.95,99.41,102.7,3.095,14.06,,,,97,831,0
427,103.696,103.664,0.25,0.0033,52,101.726,101.554,101.476,101.304,2.29,13.68,0.6573,44.01,1.86,2920,337,0
614,103.409,103.358,0.25,0.0033,55,101.729,101.548,101.479,101.298,1.995,13.68,0.6573,44.01,1.86,2211,269,0
853,104.083,104.15,0.25,0.0033,125,100.073,99.66,99.823,99.41,4.5,13.68,0.6573,44.01,1.86,17312,755,0
138,104.349,104.37,0.25,0.0033,18,100.789,100.73,100.539,100.48,3.85,13.3,0.6525,43.32,1.84,2153,684,0
549,103.694,103.696,0.25,0.0033,54,101.904,101.726,101.654,101.476,2.13,13.3,0.6525,43.32,1.84,2560,286,0
684,103.124,103.409,0.25,0.0034,58,101.924,101.729,101.674,101.479,1.69,13.3,0.6597,42.96,1.88,2028,223,7496
858,104.169,104.083,0.25,0.0033,126,100.489,100.073,100.239,99.823,4.095,13.3,0.6525,43.32,1.84,15971,703,0
3684,103.124,103.124,0.25,-3.18,1,98.744,101.924,98.494,101.674,3.04,13.3,,,,96,814,0
148,103.683,103.694,0.25,0.0033,21,101.973,101.904,101.723,101.654,2,12.92,0.6475,42.63,1.82,846,272,0
176,104.023,104.231,0.25,0.0033,34,99.663,99.551,99.413,99.301,4.77,12.92,0.6475,42.63,1.82,4975,811,0
575,103.375,103.124,0.25,0.0033,55,98.925,98.744,98.675,98.494,4.665,12.92,0.6475,42.63,1.82,7880,825,0
835,104.058,104.169,0.25,0.0033,121,100.888,100.489,100.638,100.239,3.675,12.92,0.6475,42.63,1.82,13863,622,0
287,104.254,104.044,0.25,0.016,50,100.304,99.504,100.054,99.254,4.495,12.54,1.136,27.62,6.26,6917,746,0
484,103.37,103.375,0.25,0.0033,53,99.1,98.925,98.85,98.675,4.61,12.54,0.6424,41.93,1.79,7509,796,0
770,104.098,104.058,0.25,0.0033,91,101.188,100.888,100.938,100.638,3.29,12.54,0.6424,41.93,1.79,9410,580,0
152,103.646,103.683,0.25,0.0033,22,102.046,101.973,101.796,101.723,1.905,12.16,0.6371,41.22,1.77,850,261,0
558,103.441,103.37,0.25,0.0033,55,99.281,99.1,99.031,98.85,4.465,12.16,0.6371,41.22,1.77,7561,779,0
635,103.346,103.441,0.25,0.0033,56,99.466,99.281,99.216,99.031,4.27,11.78,0.6317,40.51,1.75,7382,734,0
268,103.112,103.44,0.25,0.0033,49,100.202,100.04,99.952,99.79,3.405,11.4,0.6262,39.79,1.73,5230,580,0
682,103.347,103.346,0.25,0.0033,58,99.657,99.466,99.407,99.216,4.035,11.4,0.6262,39.79,1.73,7250,704,0
726,104.279,104.254,0.25,0.0033,65,100.519,100.304,100.269,100.054,4.105,11.4,0.6262,39.79,1.73,8257,715,0
227,103.349,103.347,0.25,0.0033,46,99.809,99.657,99.559,99.407,3.865,11.02,0.6205,39.06,1.7,5523,680,0
379,103.638,103.646,0.25,0.0077,51,102.438,102.046,102.188,101.796,1.65,11.02,0.8428,31.2,3.33,1748,223,5305
535,103.43,103.112,0.25,0.0033,54,100.38,100.202,100.13,99.952,3.23,11.02,0.6205,39.06,1.7,5490,603,0
730,104.482,104.579,0.25,0.013,67,103.022,102.149,102.772,101.899,2.195,11.02,1.0166,27.27,5.03,3414,248,0
3379,103.638,103.638,0.25,-3.55,1,98.888,102.438,98.638,102.188,3.225,11.02,,,,101,873,0
118,104.104,104.098,0.25,0.0033,14,101.234,101.188,100.984,100.938,3.14,10.64,0.6146,38.32,1.68,1386,574,0
328,103.478,103.43,0.25,0.0033,51,100.548,100.38,100.298,100.13,3.24,10.64,0.6146,38.32,1.68,5199,584,0
597,103.63,103.638,0.25,0.0033,55,99.07,98.888,98.82,98.638,4.905,10.64,0.6146,38.32,1.68,8263,842,0
662,104.405,104.482,0.25,0.0032,57,103.205,103.022,102.955,102.772,1.58,10.64,0.6077,38.64,1.64,1885,223,5305
685,103.54,103.349,0.25,0.0033,58,100,99.809,99.75,99.559,3.79,10.64,0.6146,38.32,1.68,6838,680,0
3662,104.405,104.405,0.25,-3.35,1,99.855,103.205,99.605,102.955,3.125,10.64,,,,98,841,0
175,103.682,103.54,0.25,0.0033,34,100.112,100,99.862,99.75,3.805,10.26,0.6085,37.58,1.65,4023,685,0
329,104.353,104.405,0.25,0.0033,51,100.023,99.855,99.773,99.605,4.69,10.26,0.6085,37.58,1.65,7344,806,0
340,103.636,103.478,0.25,0.0033,51,100.716,100.548,100.466,100.298,3.175,10.26,0.6085,37.58,1.65,5103,582,0
425,103.008,104.163,0.25,0.0264,52,101.808,100.433,101.558,100.183,2.715,10.26,1.2809,22.01,8.5,4129,223,5305
572,103.621,103.63,0.25,0.0033,55,99.251,99.07,99.001,98.82,4.715,10.26,0.6085,37.58,1.65,7960,812,0
813,104.187,104.264,0.25,0.0058,111,101.497,100.854,101.247,100.604,3.3,10.26,0.7461,32.36,2.59,11510,538,0
3425,103.008,103.008,0.25,-3.39,1,98.418,101.808,98.168,101.558,3.145,10.26,,,,99,847,0
191,103.61,103.621,0.25,0.0033,39,99.38,99.251,99.13,99.001,4.55,9.88,0.6022,36.82,1.63,5458,790,0
457,102.683,103.008,0.25,0.0033,53,98.593,98.418,98.343,98.168,4.59,9.88,0.6022,36.82,1.63,7478,768,0
642,104.158,104.023,0.25,0.0033,56,99.848,99.663,99.598,99.413,4.585,9.88,0.6022,36.82,1.63,7894,803,0
747,104.124,104.353,0.25,0.0033,76,100.274,100.023,100.024,99.773,4.34,9.88,0.6022,36.82,1.63,10173,730,0
867,104.116,104.187,0.25,0.0033,130,101.926,101.497,101.676,101.247,2.69,9.88,0.6022,36.82,1.63,10145,398,0
141,104.193,104.124,0.25,0.0033,18,100.333,100.274,100.083,100.024,4.105,9.5,0.5958,36.06,1.6,2286,731,0
423,104.19,104.158,0.25,0.0033,52,100.02,99.848,99.77,99.598,4.49,9.5,0.5958,36.06,1.6,7186,780,0
546,102.821,102.683,0.25,0.0033,54,98.771,98.593,98.521,98.343,4.32,9.5,0.5958,36.06,1.6,7197,761,0
595,103.652,103.61,0.25,0.0033,55,99.562,99.38,99.312,99.13,4.41,9.5,0.5958,36.06,1.6,7473,768,0
902,104.178,104.116,0.25,0.0033,137,102.378,101.926,102.128,101.676,2.245,9.5,0.5958,36.06,1.6,7357,289,0
126,104.244,104.264,0.25,0.0033,15,100.904,100.854,100.654,100.604,3.625,9.12,0.5891,35.28,1.58,1696,649,0
430,103.083,102.821,0.25,0.0033,52,98.943,98.771,98.693,98.521,4.345,9.12,0.5891,35.28,1.58,6968,776,0
488,104.295,104.19,0.25,0.0033,53,100.195,100.02,99.945,99.77,4.385,9.12,0.5891,35.28,1.58,7163,769,0
852,103.992,104.178,0.25,0.0033,125,102.792,102.378,102.542,102.128,1.75,9.12,0.5891,35.28,1.58,4500,223,5305
3852,103.992,103.992,0.25,-3.35,1,99.442,102.792,99.192,102.542,3.125,9.12,,,,98,841,0
360,104.137,104.279,0.25,0.0033,51,100.687,100.519,100.437,100.269,3.855,8.74,0.5822,34.5,1.55,6109,666,0
375,102.461,103.083,0.25,0.0033,51,99.111,98.943,98.861,98.693,3.995,8.74,0.5822,34.5,1.55,6316,650,0
536,104.593,104.295,0.25,0.0033,54,100.373,100.195,100.123,99.945,4.41,8.74,0.5822,34.5,1.55,7338,788,0
894,103.827,103.992,0.25,0.0033,135,99.887,99.442,99.637,99.192,4.495,8.74,0.5822,34.5,1.55,18677,744,0
153,104.249,104.193,0.25,0.0033,23,100.409,100.333,100.159,100.083,4.1,8.36,0.575,33.7,1.52,2918,728,0
347,104.401,104.593,0.25,0.0033,51,100.541,100.373,100.291,100.123,4.29,8.36,0.575,33.7,1.52,6752,731,0
692,104.292,104.137,0.25,0.0033,59,100.882,100.687,100.632,100.437,3.68,8.36,0.575,33.7,1.52,6768,660,0
725,103.856,102.461,0.25,0.0033,65,99.326,99.111,99.076,98.861,4.19,8.36,0.575,33.7,1.52,8418,838,0
865,103.739,103.827,0.25,0.0033,128,100.309,99.887,100.059,99.637,3.935,8.36,0.575,33.7,1.52,15630,663,0
7,103.633,103.652,0.25,0.0033,82,99.833,99.562,99.583,99.312,4.195,7.98,0.5676,32.88,1.49,10631,722,0
147,104.584,104.545,0.25,0.0033,21,101.894,101.825,101.644,101.575,2.955,7.98,0.5676,32.88,1.49,1943,538,0
187,103.501,103.682,0.25,0.0033,36,100.231,100.112,99.981,99.862,3.67,7.98,0.5676,32.88,1.49,4119,638,0
252,104.29,104.292,0.25,0.0033,48,101.04,100.882,100.79,100.632,3.58,7.98,0.5676,32.88,1.49,5367,634,0
524,104.479,104.401,0.25,0.0033,54,100.719,100.541,100.469,100.291,4.06,7.98,0.5676,32.88,1.49,6789,715,0
701,103.687,103.739,0.25,0.0033,60,100.507,100.309,100.257,100.059,3.555,7.98,0.5676,32.88,1.49,6665,623,0
241,103.496,103.501,0.25,0.0033,47,100.386,100.231,100.136,99.981,3.44,7.6,0.5599,32.06,1.46,5064,612,0
357,104.378,104.29,0.25,0.0033,51,101.208,101.04,100.958,100.79,3.46,7.6,0.5599,32.06,1.46,5525,622,0
116,104.247,104.244,0.25,0.0033,13,100.947,100.904,100.697,100.654,3.57,7.22,0.5519,31.21,1.43,1449,642,0
512,103.504,103.496,0.25,0.0033,54,100.564,100.386,100.314,100.136,3.275,7.22,0.5519,31.21,1.43,5560,585,0
594,104.29,104.378,0.25,0.0033,55,101.39,101.208,101.14,100.958,3.285,7.22,0.5519,31.21,1.43,5679,579,0
215,104.066,104.044,0.25,0.0033,43,99.646,99.504,99.396,99.254,4.73,6.84,0.5435,30.35,1.4,6242,820,0
231,104.371,104.479,0.25,0.0033,46,100.871,100.719,100.621,100.469,3.88,6.84,0.5435,30.35,1.4,5543,674,0
317,104.515,104.29,0.25,0.0033,50,101.555,101.39,101.305,101.14,3.18,6.84,0.5435,30.35,1.4,5011,588,0
504,103.502,103.504,0.25,0.0033,54,100.742,100.564,100.492,100.314,3.1,6.84,0.5435,30.35,1.4,5286,557,0
903,104.474,104.349,0.25,0.0033,138,101.244,100.789,100.994,100.539,3.645,6.84,0.5435,30.35,1.4,15691,631,0
258,104.339,104.371,0.25,0.0033,48,101.029,100.871,100.779,100.621,3.655,6.46,0.5348,29.46,1.36,5471,644,0
566,103.763,103.502,0.25,0.0033,55,100.923,100.742,100.673,100.492,3.05,6.46,0.5348,29.46,1.36,5304,569,0
613,104.018,104.066,0.25,0.0033,55,99.828,99.646,99.578,99.396,4.555,6.46,0.5348,29.46,1.36,7705,784,0
918,104.616,104.474,0.25,0.0033,140,101.706,101.244,101.456,100.994,3.32,6.46,0.5348,29.46,1.36,14599,580,0
618,104.229,104.018,0.25,0.0033,55,100.009,99.828,99.759,99.578,4.455,6.08,0.5256,28.56,1.33,7545,788,0
924,104.314,104.616,0.25,0.0033,145,102.184,101.706,101.934,101.456,2.77,6.08,0.5256,28.56,1.33,11950,382,0
106,104.114,104.104,0.25,0.0033,12,101.274,101.234,101.024,100.984,3.105,5.7,0.516,27.63,1.29,1176,569,0
154,103.637,103.611,0.25,0.0033,23,100.927,100.851,100.677,100.601,2.985,5.7,0.516,27.63,1.29,2166,544,0
173,103.419,103.405,0.25,0.0047,33,100.669,100.515,100.419,100.265,3.07,5.7,0.5854,25.26,1.71,3201,555,0
373,104.337,104.229,0.25,0.0033,51,100.177,100.009,99.927,99.759,4.44,5.7,0.516,27.63,1.29,6974,779,0
911,103.647,103.633,0.25,0.0033,180,100.427,99.833,100.177,99.583,3.76,5.7,0.516,27.63,1.29,21067,630,0
119,104.346,104.349,0.25,0.0511,15,101.556,100.789,101.306,100.539,3.425,5.32,1.331,13.58,10.62,1609,561,0
169,103.345,103.636,0.25,0.0033,30,100.815,100.716,100.565,100.466,2.975,5.32,0.5059,26.68,1.25,2808,494,0
310,104.542,104.337,0.25,0.0033,50,100.342,100.177,100.092,99.927,4.43,5.32,0.5059,26.68,1.25,6823,785,0
633,104.288,104.163,0.25,0.0033,56,100.618,100.433,100.368,100.183,3.95,5.32,0.5059,26.68,1.25,6862,701,0
658,103.297,103.419,0.25,0.0033,57,100.857,100.669,100.607,100.419,2.845,5.32,0.5059,26.68,1.25,4931,468,0
910,103.506,103.647,0.25,0.0033,139,100.886,100.427,100.636,100.177,3.17,5.32,0.5059,26.68,1.25,13890,519,0
136,104.252,104.192,0.25,0.0129,17,101.782,101.562,101.532,101.312,2.8,4.94,0.8026,18.3,3.52,1429,477,0
349,103.453,103.345,0.25,0.0033,51,100.983,100.815,100.733,100.565,2.75,4.94,0.4953,25.69,1.21,4147,477,0
431,104.27,104.288,0.25,0.0033,52,100.79,100.618,100.54,100.368,3.825,4.94,0.4953,25.69,1.21,6184,671,0
590,104.533,104.542,0.25,0.0033,55,100.523,100.342,100.273,100.092,4.355,4.94,0.4953,25.69,1.21,7386,755,0
651,103.252,103.297,0.25,0.0033,56,101.042,100.857,100.792,100.607,2.575,4.94,0.4953,25.69,1.21,4018,404,0
876,103.858,103.506,0.25,0.0033,131,101.318,100.886,101.068,100.636,2.83,4.94,0.4953,25.69,1.21,11226,496,0
100,104.584,104.584,0.25,0.0033,9,101.924,101.894,101.674,101.644,2.925,4.56,0.484,24.68,1.17,818,530,0
162,104.298,104.249,0.25,0.0033,27,100.498,100.409,100.248,100.159,4.07,4.56,0.484,24.68,1.17,3402,722,0
184,104.545,104.566,0.25,0.0033,36,101.065,100.946,100.815,100.696,3.8,4.56,0.484,24.68,1.17,4255,671,0
302,104.344,104.339,0.25,0.0033,50,101.194,101.029,100.944,100.779,3.48,4.56,0.484,24.68,1.17,5446,619,0
320,103.578,103.453,0.25,0.0033,50,101.148,100.983,100.898,100.733,2.7,4.56,0.484,24.68,1.17,3929,466,0
351,104.348,104.27,0.25,0.0033,51,100.958,100.79,100.708,100.54,3.685,4.56,0.484,24.68,1.17,5858,657,0
386,103.43,103.636,0.25,0.0083,51,101.14,100.716,100.89,100.466,2.855,4.56,0.671,19.61,2.41,4440,426,0
418,103.358,103.856,0.25,0.0033,52,99.498,99.326,99.248,99.076,4.445,4.56,0.484,24.68,1.17,7119,731,0
420,104.405,104.533,0.25,0.0033,52,100.695,100.523,100.445,100.273,4.11,4.56,0.484,24.68,1.17,6613,707,0
533,103.25,103.252,0.25,0.0033,54,101.22,101.042,100.97,100.792,2.37,4.56,0.484,24.68,1.17,3269,354,0
735,103.439,103.858,0.25,0.0033,70,101.549,101.318,101.299,101.068,2.465,4.56,0.484,24.68,1.17,4601,314,0
943,103.76,103.574,0.25,0.0078,191,100.68,99.194,100.43,98.944,3.98,4.56,0.6564,19.92,2.3,23573,607,0
196,104.527,104.545,0.25,0.0033,40,101.197,101.065,100.947,100.815,3.655,4.18,0.4719,23.62,1.13,4559,647,0
203,104.47,104.405,0.25,0.0033,41,100.83,100.695,100.58,100.445,3.925,4.18,0.4719,23.62,1.13,4994,696,0
210,103.706,103.637,0.25,0.0033,42,101.066,100.927,100.816,100.677,2.925,4.18,0.4719,23.62,1.13,3817,524,0
213,103.562,103.76,0.25,0.0033,43,100.822,100.68,100.572,100.43,3.16,4.18,0.4719,23.62,1.13,4284,552,0
271,103.61,103.578,0.25,0.0033,49,101.31,101.148,101.06,100.898,2.615,4.18,0.4719,23.62,1.13,3623,429,0
415,104.27,104.348,0.25,0.0033,52,101.13,100.958,100.88,100.708,3.515,4.18,0.4719,23.62,1.13,5716,617,0
562,103.392,103.43,0.25,0.0033,55,101.322,101.14,101.072,100.89,2.43,4.18,0.4719,23.62,1.13,3510,365,0
584,104.295,104.344,0.25,0.0033,55,101.375,101.194,101.125,100.944,3.285,4.18,0.4719,23.62,1.13,5679,582,0
588,104.029,103.358,0.25,0.0033,55,99.679,99.498,99.429,99.248,4.355,4.18,0.4719,23.62,1.13,7386,809,0
679,103.281,103.25,0.25,0.0033,58,101.411,101.22,101.161,100.97,2.2,4.18,0.4719,23.62,1.13,2971,309,0
839,103.74,103.687,0.25,0.0033,122,100.91,100.507,100.66,100.257,3.255,4.18,0.4719,23.62,1.13,12492,568,0
115,104.107,104.114,0.25,0.0033,13,101.317,101.274,101.067,101.024,3.065,3.8,0.459,22.52,1.08,1259,561,0
117,104.371,104.515,0.25,0.0033,14,101.601,101.555,101.351,101.305,3.115,3.8,0.459,22.52,1.08,1376,558,0
124,104.212,104.252,0.25,0.0033,15,101.832,101.782,101.582,101.532,2.675,3.8,0.459,22.52,1.08,1158,452,0
133,104.287,104.314,0.25,0.0033,16,102.237,102.184,101.987,101.934,2.34,3.8,0.459,22.52,1.08,942,359,0
211,103.504,103.562,0.25,0.0033,43,100.964,100.822,100.714,100.572,2.89,3.8,0.459,22.52,1.08,3826,496,0
289,104.04,103.705,0.25,0.0061,50,101.86,101.555,101.61,101.305,2.415,3.8,0.5704,19.34,1.75,3150,396,0
398,102.841,104.029,0.25,0.0033,52,99.851,99.679,99.601,99.429,3.92,3.8,0.459,22.52,1.08,6327,593,0
407,103.393,103.281,0.25,0.0033,52,101.583,101.411,101.333,101.161,2.09,3.8,0.459,22.52,1.08,2351,292,0
492,104.22,104.295,0.25,0.0033,53,101.55,101.375,101.3,101.125,3.045,3.8,0.459,22.52,1.08,5104,533,0
511,103.658,103.61,0.25,0.0033,54,101.488,101.31,101.238,101.06,2.485,3.8,0.459,22.52,1.08,3608,393,0
610,104.162,104.27,0.25,0.0033,55,101.312,101.13,101.062,100.88,3.245,3.8,0.459,22.52,1.08,5615,571,0
620,103.738,103.706,0.25,0.0033,55,101.248,101.066,100.998,100.816,2.815,3.8,0.459,22.52,1.08,4668,482,0
703,103.42,103.392,0.25,0.0033,60,101.52,101.322,101.27,101.072,2.235,3.8,0.459,22.52,1.08,3189,317,0
715,104.492,104.527,0.25,0.0033,62,101.402,101.197,101.152,100.947,3.46,3.8,0.459,22.52,1.08,6717,609,0
856,103.836,103.74,0.25,0.0033,126,101.326,100.91,101.076,100.66,2.92,3.8,0.459,22.52,1.08,11418,488,0
108,103.534,103.504,0.25,0.0033,12,101.004,100.964,100.754,100.714,2.785,3.42,0.4451,21.37,1.04,998,494,0
263,104.304,104.162,0.25,0.0033,49,101.474,101.312,101.224,101.062,3.09,3.42,0.4451,21.37,1.04,4782,568,0
370,104.648,104.04,0.25,0.0033,51,102.028,101.86,101.778,101.61,2.65,3.42,0.4451,21.37,1.04,3868,519,0
388,104.46,104.492,0.25,0.0033,51,101.57,101.402,101.32,101.152,3.24,3.42,0.4451,21.37,1.04,5199,577,0
393,103.86,103.658,0.25,0.0033,52,101.66,101.488,101.41,101.238,2.435,3.42,0.4451,21.37,1.04,3332,401,0
446,104.569,103.856,0.25,0.0462,52,101.729,99.326,101.479,99.076,3.935,3.42,1.1255,11.26,8.05,6349,569,0
467,103.976,102.841,0.25,0.0033,53,100.026,99.851,99.776,99.601,3.72,3.42,0.4451,21.37,1.04,6141,746,0
499,104.108,104.22,0.25,0.0033,54,101.728,101.55,101.478,101.3,2.775,3.42,0.4451,21.37,1.04,4465,452,0
598,103.72,103.738,0.25,0.0033,55,101.43,101.248,101.18,100.998,2.64,3.42,0.4451,21.37,1.04,4141,426,0
659,103.688,103.763,0.25,0.0052,57,101.218,100.923,100.968,100.673,2.905,3.42,0.5227,19.1,1.48,5118,477,0
687,103.384,103.393,0.25,0.0033,58,101.774,101.583,101.524,101.333,1.96,3.42,0.4451,21.37,1.04,2297,262,0
702,104.394,104.346,0.25,0.0033,60,101.754,101.556,101.504,101.306,2.965,3.42,0.4451,21.37,1.04,5585,524,0
732,103.454,103.42,0.25,0.0033,68,101.744,101.52,101.494,101.27,2.055,3.42,0.4451,21.37,1.04,2944,271,0
767,103.98,103.836,0.25,0.0033,89,101.62,101.326,101.37,101.076,2.685,3.42,0.4451,21.37,1.04,6921,446,0
914,103.6,103.687,0.25,0.0073,140,101.53,100.507,101.28,100.257,2.875,3.42,0.5891,17.57,1.92,12342,365,0
125,103.684,103.534,0.25,0.0033,15,101.054,101.004,100.804,100.754,2.83,3.04,0.43,20.16,0.98,1285,522,0
145,103.653,103.653,0.25,0.0774,19,101.063,99.593,100.813,99.343,3.575,3.04,1.3009,9.41,11.38,2121,510,0
160,104.142,104.113,0.25,0.1061,26,102.222,99.463,101.972,99.213,3.535,3.04,1.4523,8.73,14.52,2873,323,0
165,103.794,103.718,0.25,0.0378,29,101.584,100.488,101.334,100.238,2.97,3.04,1.0127,11.16,6.53,2707,404,0
171,104.159,104.584,0.25,0.0114,32,102.259,101.894,102.009,101.644,2.545,3.04,0.6654,14.89,2.58,2243,317,0
185,104.439,104.46,0.25,0.0033,36,101.689,101.57,101.439,101.32,3.07,3.04,0.43,20.16,0.98,3493,555,0
240,104.619,104.584,0.25,0.0033,47,102.079,101.924,101.829,101.674,2.85,3.04,0.43,20.16,0.98,4079,496,0
270,104.601,104.569,0.25,0.0033,49,101.891,101.729,101.641,101.479,3.025,3.04,0.43,20.16,0.98,4690,544,0
324,104.143,104.298,0.25,0.0033,50,100.663,100.498,100.413,100.248,3.89,3.04,0.43,20.16,0.98,6040,671,0
400,103.378,103.976,0.25,0.0033,52,100.198,100.026,99.948,99.776,3.815,3.04,0.43,20.16,0.98,6169,623,0
413,104.516,104.304,0.25,0.0033,52,101.646,101.474,101.396,101.224,3.1,3.04,0.43,20.16,0.98,5090,574,0
441,104.012,103.86,0.25,0.0033,52,101.832,101.66,101.582,101.41,2.44,3.04,0.43,20.16,0.98,3347,396,0
555,104.576,104.648,0.25,0.0033,54,102.206,102.028,101.956,101.778,2.745,3.04,0.43,20.16,0.98,4376,449,0
570,104.346,104.394,0.25,0.0033,55,101.936,101.754,101.686,101.504,2.775,3.04,0.43,20.16,0.98,4548,460,0
581,103.326,103.384,0.25,0.0033,55,101.956,101.774,101.706,101.524,1.74,3.04,0.43,20.16,0.98,1970,239,0
602,103.691,103.72,0.25,0.0033,55,101.611,101.43,101.361,101.18,2.435,3.04,0.43,20.16,0.98,3525,368,0
621,104.02,104.108,0.25,0.0033,55,101.91,101.728,101.66,101.478,2.495,3.04,0.43,20.16,0.98,3705,376,0
650,104.192,104.247,0.25,0.0033,56,101.132,100.947,100.882,100.697,3.43,3.04,0.43,20.16,0.98,6018,604,0
652,104.065,103.98,0.25,0.0033,56,101.805,101.62,101.555,101.37,2.56,3.04,0.43,20.16,0.98,3972,418,0
700,103.716,103.688,0.25,0.0033,60,101.416,101.218,101.166,100.968,2.635,3.04,0.43,20.16,0.98,4502,429,0
899,104.036,104.104,0.25,0.0034,136,101.696,101.234,101.446,100.984,2.855,3.04,0.4346,20.01,1.01,11841,440,0
1,103.651,103.505,0.25,0.0338,83,101.841,99.035,101.591,98.785,3.39,2.66,0.9356,10.76,5.64,8823,292,0
120,104.384,104.37,0.25,0.1009,15,102.244,100.73,101.994,100.48,3.14,2.66,1.3706,8.3,13.16,1485,384,0
180,103.441,103.326,0.25,0.0033,35,102.071,101.956,101.821,101.706,1.62,2.66,0.4135,18.88,0.93,1181,239,0
193,103.662,103.653,0.25,0.0033,39,101.192,101.063,100.942,100.813,2.78,2.66,0.4135,18.88,0.93,3235,477,0
200,104.025,104.02,0.25,0.0033,41,102.045,101.91,101.795,101.66,2.295,2.66,0.4135,18.88,0.93,2313,340,0
214,104.348,104.346,0.25,0.0033,43,102.078,101.936,101.828,101.686,2.59,2.66,0.4135,18.88,0.93,3120,421,0
226,104.421,104.439,0.25,0.0033,46,101.841,101.689,101.591,101.439,2.915,2.66,0.4135,18.88,0.93,4156,508,0
228,104.181,104.159,0.25,0.0033,46,102.411,102.259,102.161,102.009,2.085,2.66,0.4135,18.88,0.93,2067,281,0
230,104.583,104.601,0.25,0.0033,46,102.043,101.891,101.793,101.641,2.875,2.66,0.4135,18.88,0.93,4055,496,0
246,104.208,104.284,0.25,0.0184,47,101.908,101.044,101.658,100.794,3.02,2.66,0.7563,12.44,3.52,4492,429,0
251,103.862,103.794,0.25,0.0033,48,101.742,101.584,101.492,101.334,2.415,2.66,0.4135,18.88,0.93,3024,379,0
260,104.133,104.023,0.25,0.0302,48,101.113,99.663,100.863,99.413,3.94,2.66,0.8994,11.05,5.17,5868,598,0
280,104.047,104.012,0.25,0.0033,50,101.997,101.832,101.747,101.582,2.365,2.66,0.4135,18.88,0.93,3013,359,0
309,103.327,103.44,0.25,0.0415,50,102.117,100.04,101.867,99.79,2.555,2.66,1.0051,10.24,6.61,3532,224,0
326,104.412,104.515,0.25,0.0105,50,102.082,101.555,101.832,101.305,2.895,2.66,0.6213,14.24,2.28,4462,438,0
327,104.564,104.576,0.25,0.0033,51,102.374,102.206,102.124,101.956,2.53,2.66,0.4135,18.88,0.93,3533,398,0
330,104.282,104.247,0.25,0.0238,51,102.162,100.947,101.912,100.697,2.96,2.66,0.8276,11.7,4.3,4733,379,0
390,104.064,104.516,0.25,0.0033,51,101.814,101.646,101.564,101.396,2.81,2.66,0.4135,18.88,0.93,4314,415,0
432,104.188,104.036,0.25,0.0033,52,101.868,101.696,101.618,101.446,2.58,2.66,0.4135,18.88,0.93,3745,435,0
437,104.115,104.143,0.25,0.0033,52,100.835,100.663,100.585,100.413,3.63,2.66,0.4135,18.88,0.93,5890,639,0
440,104.491,104.619,0.25,0.0033,52,102.251,102.079,102.001,101.829,2.64,2.66,0.4135,18.88,0.93,3916,412,0
530,103.801,103.763,0.25,0.0033,54,101.101,100.923,100.851,100.673,3.02,2.66,0.4135,18.88,0.93,5161,541,0
532,103.674,103.716,0.25,0.0033,54,101.594,101.416,101.344,101.166,2.44,2.66,0.4135,18.88,0.93,3475,368,0
541,103.639,103.691,0.25,0.0033,54,101.789,101.611,101.539,101.361,2.215,2.66,0.4135,18.88,0.93,2811,303,0
568,102.23,103.378,0.25,0.0033,55,100.38,100.198,100.13,99.948,2.765,2.66,0.4135,18.88,0.93,4518,303,0
628,104.137,104.192,0.25,0.0033,56,101.317,101.132,101.067,100.882,3.19,2.66,0.4135,18.88,0.93,5628,566,0
667,104.173,104.065,0.25,0.0033,57,101.993,101.805,101.743,101.555,2.47,2.66,0.4135,18.88,0.93,3762,396,0
820,103.31,103.6,0.25,0.0033,115,101.91,101.53,101.66,101.28,1.985,2.66,0.4135,18.88,0.93,4604,242,0
101,104.43,104.47,0.25,0.0033,9,100.86,100.83,100.61,100.58,3.855,2.28,0.3951,17.5,0.87,1078,685,0
166,104.194,104.212,0.25,0.0154,30,102.294,101.832,102.044,101.582,2.39,2.28,0.6785,12.06,2.86,1848,317,0
192,103.943,103.925,0.25,0.0392,39,101.483,99.955,101.233,99.705,3.465,2.28,0.9406,9.65,5.9,4230,474,0
218,104.152,104.047,0.25,0.0033,44,102.142,101.997,101.892,101.747,2.28,2.28,0.3951,17.5,0.87,2447,348,0
233,104.067,104.025,0.25,0.0033,46,102.197,102.045,101.947,101.795,2.175,2.28,0.3951,17.5,0.87,2294,309,0
248,104.358,104.133,0.25,0.0033,47,101.268,101.113,101.018,100.863,3.305,2.28,0.3951,17.5,0.87,4880,609,0
257,104.316,104.348,0.25,0.0033,48,102.236,102.078,101.986,101.828,2.425,2.28,0.3951,17.5,0.87,3050,368,0
275,103.904,103.862,0.25,0.0033,49,101.904,101.742,101.654,101.492,2.31,2.28,0.3951,17.5,0.87,2805,345,0
311,104.163,104.249,0.25,0.0325,50,102.033,100.409,101.783,100.159,3.235,2.28,0.881,10.09,5.11,5090,382,0
318,104.18,104.115,0.25,0.0033,50,101,100.835,100.75,100.585,3.48,2.28,0.3951,17.5,0.87,5446,623,0
366,104.176,104.188,0.25,0.0033,51,102.036,101.868,101.786,101.618,2.48,2.28,0.3951,17.5,0.87,3394,384,0
376,104.31,104.282,0.25,0.0033,51,102.33,102.162,102.08,101.912,2.3,2.28,0.3951,17.5,0.87,2892,340,0
381,104.602,104.564,0.25,0.0033,51,102.542,102.374,102.292,102.124,2.375,2.28,0.3951,17.5,0.87,3101,362,0
405,104.543,104.491,0.25,0.0033,52,102.423,102.251,102.173,102.001,2.43,2.28,0.3951,17.5,0.87,3318,379,0
422,103.654,103.662,0.25,0.0033,52,101.364,101.192,101.114,100.942,2.63,2.28,0.3951,17.5,0.87,3887,426,0
452,104.357,104.412,0.25,0.0033,53,102.257,102.082,102.007,101.832,2.465,2.28,0.3951,17.5,0.87,3483,373,0
483,104.406,104.421,0.25,0.0033,53,102.016,101.841,101.766,101.591,2.735,2.28,0.3951,17.5,0.87,4266,454,0
506,104.269,104.181,0.25,0.0033,54,102.589,102.411,102.339,102.161,1.975,2.28,0.3951,17.5,0.87,2152,269,0
522,103.742,103.674,0.25,0.0033,54,101.772,101.594,101.522,101.344,2.275,2.28,0.3951,17.5,0.87,2988,337,0
534,103.992,104.064,0.25,0.0033,54,101.992,101.814,101.742,101.564,2.375,2.28,0.3951,17.5,0.87,3283,345,0
556,103.545,103.327,0.25,0.0033,54,102.295,102.117,102.045,101.867,1.48,2.28,0.3951,17.5,0.87,1693,228,0
569,104.312,102.23,0.25,0.0033,55,100.562,100.38,100.312,100.13,3.05,2.28,0.3951,17.5,0.87,5304,714,0
624,104.29,104.208,0.25,0.0033,55,102.09,101.908,101.84,101.658,2.5,2.28,0.3951,17.5,0.87,3720,401,0
645,104.108,104.173,0.25,0.0033,56,102.178,101.993,101.928,101.743,2.305,2.28,0.3951,17.5,0.87,3191,326,0
657,104.668,104.583,0.25,0.0033,56,102.228,102.043,101.978,101.793,2.74,2.28,0.3951,17.5,0.87,4523,468,0
665,103.568,103.439,0.25,0.0037,57,101.758,101.549,101.508,101.299,2.1,2.28,0.4113,17.02,0.95,2608,292,0
666,104.095,104.137,0.25,0.0033,57,101.505,101.317,101.255,101.067,2.955,2.28,0.3951,17.5,0.87,5274,510,0
724,104.423,104.279,0.25,0.0119,65,101.293,100.519,101.043,100.269,3.695,2.28,0.6199,12.83,2.34,7485,615,0
727,103.627,103.639,0.25,0.0033,66,102.007,101.789,101.757,101.539,1.985,2.28,0.3951,17.5,0.87,2642,263,0
743,103.625,103.441,0.25,0.0033,74,102.315,102.071,102.065,101.821,1.59,2.28,0.3951,17.5,0.87,2460,234,0
772,103.771,103.801,0.25,0.0033,91,101.401,101.101,101.151,100.851,2.785,2.28,0.3951,17.5,0.87,7574,449,0
775,103.42,103.31,0.25,0.0033,94,102.22,101.91,101.97,101.66,1.55,2.28,0.3951,17.5,0.87,3060,223,0
161,104.152,104.163,0.25,0.0033,27,102.122,102.033,101.872,101.783,2.33,1.9,0.3743,16.01,0.8,1575,354,0
182,103.952,103.943,0.25,0.0033,36,101.602,101.483,101.352,101.233,2.655,1.9,0.3743,16.01,0.8,2740,443,0
195,104.046,104.194,0.25,0.0033,40,102.426,102.294,102.176,102.044,2.01,1.9,0.3743,16.01,0.8,1633,263,0
212,103.366,103.454,0.25,0.0033,43,101.886,101.744,101.636,101.494,1.845,1.9,0.3743,16.01,0.8,1618,250,0
236,104.664,104.602,0.25,0.0033,46,102.694,102.542,102.444,102.292,2.265,1.9,0.3743,16.01,0.8,2520,337,0
239,104.317,104.429,0.25,0.0638,47,102.837,99.839,102.587,99.589,3.285,1.9,1.055,7.89,7.92,4853,250,0
244,103.806,103.771,0.25,0.0033,47,101.556,101.401,101.306,101.151,2.56,1.9,0.3743,16.01,0.8,3333,415,0
281,104.063,104.358,0.25,0.0033,50,101.433,101.268,101.183,101.018,3.11,1.9,0.3743,16.01,0.8,4909,522,0
290,104.202,104.067,0.25,0.0033,50,102.362,102.197,102.112,101.947,2.105,1.9,0.3743,16.01,0.8,2302,300,0
372,104.581,104.543,0.25,0.0033,51,102.591,102.423,102.341,102.173,2.305,1.9,0.3743,16.01,0.8,2906,342,0
392,104.164,104.176,0.25,0.0033,51,102.204,102.036,101.954,101.786,2.3,1.9,0.3743,16.01,0.8,2892,334,0
414,103.918,103.751,0.25,0.0519,52,102.538,99.841,102.288,99.591,2.895,1.9,0.9818,8.28,6.75,4641,240,0
416,103.639,103.627,0.25,0.0033,52,102.179,102.007,101.929,101.757,1.79,1.9,0.3743,16.01,0.8,1907,248,0
424,103.646,103.654,0.25,0.0033,52,101.536,101.364,101.286,101.114,2.45,1.9,0.3743,16.01,0.8,3375,376,0
453,104.185,104.29,0.25,0.0033,53,102.265,102.09,102.015,101.84,2.31,1.9,0.3743,16.01,0.8,3034,323,0
454,104.103,104.108,0.25,0.0033,53,102.353,102.178,102.103,101.928,2.09,1.9,0.3743,16.01,0.8,2396,275,0
460,103.939,103.904,0.25,0.0033,53,102.079,101.904,101.829,101.654,2.18,1.9,0.3743,16.01,0.8,2657,306,0
487,104.207,104.152,0.25,0.0033,53,102.317,102.142,102.067,101.892,2.2,1.9,0.3743,16.01,0.8,2715,314,0
500,104.518,104.579,0.25,0.0242,54,102.448,101.139,102.198,100.889,3.005,1.9,0.7523,9.92,3.74,5137,365,0
521,104.405,104.357,0.25,0.0033,54,102.435,102.257,102.185,102.007,2.285,1.9,0.3743,16.01,0.8,3018,337,0
523,104.558,104.18,0.25,0.0033,54,101.178,101,100.928,100.75,3.53,1.9,0.3743,16.01,0.8,5959,655,0
557,104.394,104.316,0.25,0.0033,54,102.414,102.236,102.164,101.986,2.28,1.9,0.3743,16.01,0.8,3003,340,0
565,104.458,104.406,0.25,0.0033,55,102.198,102.016,101.948,101.766,2.575,1.9,0.3743,16.01,0.8,3946,418,0
604,104.361,104.43,0.25,0.0033,55,101.041,100.86,100.791,100.61,3.695,1.9,0.3743,16.01,0.8,6333,646,0
608,103.58,103.568,0.25,0.0033,55,101.94,101.758,101.69,101.508,1.975,1.9,0.3743,16.01,0.8,2192,265,0
643,104.474,104.269,0.25,0.0033,56,102.774,102.589,102.524,102.339,1.94,1.9,0.3743,16.01,0.8,2199,271,0
647,104.04,104.095,0.25,0.0033,56,101.69,101.505,101.44,101.255,2.72,1.9,0.3743,16.01,0.8,4462,443,0
656,103.68,103.545,0.25,0.0033,56,102.48,102.295,102.23,102.045,1.475,1.9,0.3743,16.01,0.8,1751,223,0
664,103.387,103.439,0.25,0.0033,57,101.737,101.549,101.487,101.299,2.02,1.9,0.3743,16.01,0.8,2359,266,0
680,103.743,103.742,0.25,0.0033,58,101.963,101.772,101.713,101.522,2.125,1.9,0.3743,16.01,0.8,2733,284,0
683,103.903,103.992,0.25,0.0033,58,102.183,101.992,101.933,101.742,2.11,1.9,0.3743,16.01,0.8,2686,272,0
688,104.473,104.312,0.25,0.0033,58,100.753,100.562,100.503,100.312,3.985,1.9,0.3743,16.01,0.8,7166,709,0
704,103.833,103.625,0.25,0.0033,60,102.513,102.315,102.263,102.065,1.565,1.9,0.3743,16.01,0.8,1969,234,0
740,103.344,103.682,0.25,0.0232,72,101.784,100.112,101.534,99.862,2.815,1.9,0.7413,10.02,3.62,6111,257,0
741,104.351,104.31,0.25,0.0033,73,102.571,102.33,102.321,102.08,2.13,1.9,0.3743,16.01,0.8,3461,284,0
744,103.621,103.684,0.25,0.0033,75,101.301,101.054,101.051,100.804,2.725,1.9,0.3743,16.01,0.8,5996,435,0
755,104.318,104.231,0.25,0.0211,81,101.258,99.551,101.008,99.301,4.12,1.9,0.7171,10.25,3.36,10325,604,0
778,104.702,104.668,0.25,0.0033,95,102.542,102.228,102.292,101.978,2.55,1.9,0.3743,16.01,0.8,6686,390,0
783,104.186,104.107,0.25,0.0076,97,102.056,101.317,101.806,101.067,2.71,1.9,0.5017,13.09,1.53,7676,382,0
784,104.103,104.423,0.25,0.0033,97,101.613,101.293,101.363,101.043,3.06,1.9,0.3743,16.01,0.8,9383,482,0
821,104.06,103.42,0.25,0.0055,116,102.86,102.22,102.61,101.97,1.45,1.9,0.4479,14.15,1.19,3577,223,0
857,104.506,104.591,0.25,0.0035,126,101.356,100.921,101.106,100.671,3.66,1.9,0.3822,15.79,0.84,14381,619,0
109,104.634,104.429,0.25,0.2396,12,102.714,99.839,102.464,99.589,3.505,1.52,1.5627,5.2,19.87,1315,323,0
127,104.343,104.371,0.25,0.0435,15,102.253,101.601,102.003,101.351,2.68,1.52,0.8628,7.77,5.32,1162,370,0
130,103.637,103.653,0.25,0.1616,15,102.017,99.593,101.767,99.343,3.09,1.52,1.3626,5.7,14.66,1464,263,0
146,104.215,104.299,0.25,0.0033,20,102.195,102.129,101.945,101.879,2.345,1.52,0.3503,14.37,0.72,1183,351,0
223,103.515,103.366,0.25,0.0033,45,102.035,101.886,101.785,101.636,1.73,1.52,0.3503,14.37,0.72,1604,250,0
253,103.967,103.939,0.25,0.0033,48,102.237,102.079,101.987,101.829,2.045,1.52,0.3503,14.37,0.72,2052,273,0
255,104.183,104.185,0.25,0.0033,48,102.423,102.265,102.173,102.015,2.09,1.52,0.3503,14.37,0.72,2170,278,0
264,104.149,104.142,0.25,0.004,49,102.419,102.222,102.169,101.972,2.075,1.52,0.3747,13.72,0.84,2175,273,0
298,104.383,104.458,0.25,0.0033,50,102.363,102.198,102.113,101.948,2.39,1.52,0.3503,14.37,0.72,3081,351,0
319,104.108,104.103,0.25,0.0033,50,102.518,102.353,102.268,102.103,1.92,1.52,0.3503,14.37,0.72,1946,260,0
353,104.589,104.581,0.25,0.0033,51,102.759,102.591,102.509,102.341,2.16,1.52,0.3503,14.37,0.72,2501,298,0
377,104.466,104.518,0.25,0.0033,51,102.616,102.448,102.366,102.198,2.21,1.52,0.3503,14.37,0.72,2641,303,0
380,104.319,104.361,0.25,0.0033,51,101.209,101.041,100.959,100.791,3.465,1.52,0.3503,14.37,0.72,5532,612,0
417,104.46,103.918,0.25,0.0033,52,102.71,102.538,102.46,102.288,1.815,1.52,0.3503,14.37,0.72,1930,275,0
419,104.055,103.903,0.25,0.0033,52,102.355,102.183,102.105,101.933,1.96,1.52,0.3503,14.37,0.72,2059,271,0
470,104.376,104.351,0.25,0.0033,53,102.746,102.571,102.496,102.321,1.955,1.52,0.3503,14.37,0.72,2094,264,0
471,103.948,103.833,0.25,0.0033,53,102.688,102.513,102.438,102.263,1.54,1.52,0.3503,14.37,0.72,1716,229,0
473,103.738,103.743,0.25,0.0033,53,102.138,101.963,101.888,101.713,1.94,1.52,0.3503,14.37,0.72,2081,261,0
481,104.39,104.405,0.25,0.0033,53,102.61,102.435,102.36,102.185,2.125,1.52,0.3503,14.37,0.72,2498,284,0
501,104.245,104.287,0.25,0.0033,54,102.415,102.237,102.165,101.987,2.19,1.52,0.3503,14.37,0.72,2737,298,0
507,104.502,104.474,0.25,0.0033,54,102.952,102.774,102.702,102.524,1.875,1.52,0.3503,14.37,0.72,2060,256,0
545,104.051,104.063,0.25,0.0033,54,101.611,101.433,101.361,101.183,2.785,1.52,0.3503,14.37,0.72,4494,468,0
559,103.991,104.04,0.25,0.0033,55,101.871,101.69,101.621,101.44,2.485,1.52,0.3503,14.37,0.72,3675,379,0
576,104.115,104.164,0.25,0.0033,55,102.385,102.204,102.135,101.954,2.095,1.52,0.3503,14.37,0.72,2502,273,0
580,104.224,104.202,0.25,0.0033,55,102.544,102.362,102.294,102.112,2.01,1.52,0.3503,14.37,0.72,2246,269,0
585,104.623,104.702,0.25,0.0033,55,102.723,102.542,102.473,102.292,2.28,1.52,0.3503,14.37,0.72,3058,317,0
607,104.087,104.104,0.25,0.017,55,102.167,101.234,101.917,100.984,2.645,1.52,0.6217,9.71,2.58,4156,323,0
612,103.482,103.58,0.25,0.0033,55,102.122,101.94,101.872,101.69,1.75,1.52,0.3503,14.37,0.72,1980,238,0
615,104.084,104.152,0.25,0.0033,55,102.304,102.122,102.054,101.872,2.155,1.52,0.3503,14.37,0.72,2682,284,0
617,103.588,103.646,0.25,0.0033,55,101.718,101.536,101.468,101.286,2.24,1.52,0.3503,14.37,0.72,2938,309,0
626,103.458,103.806,0.25,0.0033,55,101.738,101.556,101.488,101.306,2.235,1.52,0.3503,14.37,0.72,2923,272,0
629,103.392,103.387,0.25,0.0033,56,101.922,101.737,101.672,101.487,1.81,1.52,0.3503,14.37,0.72,2073,249,0
630,103.309,103.344,0.25,0.0033,56,101.969,101.784,101.719,101.534,1.7,1.52,0.3503,14.37,0.72,1967,236,0
646,104.382,104.317,0.25,0.0033,56,103.022,102.837,102.772,102.587,1.67,1.52,0.3503,14.37,0.72,1938,238,0
648,104.349,104.394,0.25,0.0033,56,102.599,102.414,102.349,102.164,2.115,1.52,0.3503,14.37,0.72,2609,275,0
655,103.774,103.639,0.25,0.0033,56,102.364,102.179,102.114,101.929,1.685,1.52,0.3503,14.37,0.72,1953,243,0
669,104.501,104.339,0.25,0.0081,57,101.491,101.029,101.241,100.779,3.41,1.52,0.4798,11.58,1.45,6092,596,0
670,104.205,104.207,0.25,0.0033,57,102.505,102.317,102.255,102.067,2.045,1.52,0.3503,14.37,0.72,2437,271,0
674,104.662,104.664,0.25,0.0033,57,102.882,102.694,102.632,102.444,2.125,1.52,0.3503,14.37,0.72,2686,284,0
676,104.134,104.046,0.25,0.0033,57,102.614,102.426,102.364,102.176,1.82,1.52,0.3503,14.37,0.72,2120,253,0
681,103.854,104.473,0.25,0.0033,58,100.944,100.753,100.694,100.503,3.565,1.52,0.3503,14.37,0.72,6460,580,0
690,104.01,103.68,0.25,0.0057,58,102.81,102.48,102.56,102.23,1.45,1.52,0.4243,12.6,1.1,1788,223,0
696,104.241,104.186,0.25,0.0033,59,102.251,102.056,102.001,101.806,2.31,1.52,0.3503,14.37,0.72,3378,342,0
707,104.159,104.558,0.25,0.0033,61,101.379,101.178,101.129,100.928,3.33,1.52,0.3503,14.37,0.72,6378,560,0
729,103.364,104.103,0.25,0.0033,67,101.834,101.613,101.584,101.363,2.26,1.52,0.3503,14.37,0.72,3652,254,0
742,104.295,104.346,0.25,0.0178,73,102.855,101.556,102.605,101.306,2.365,1.52,0.6318,9.6,2.67,4399,246,0
748,103.922,103.621,0.25,0.0033,76,101.552,101.301,101.302,101.051,2.595,1.52,0.3503,14.37,0.72,5536,449,0
756,104.212,104.098,0.25,0.0164,83,102.552,101.188,102.302,100.938,2.535,1.52,0.614,9.79,2.5,5773,267,0
776,104.241,104.371,0.25,0.0033,94,101.911,101.601,101.661,101.351,2.8,1.52,0.3503,14.37,0.72,7901,438,0
791,103.803,103.611,0.25,0.0048,101,101.333,100.851,101.083,100.601,2.865,1.52,0.3995,13.13,0.97,8849,477,0
796,104.44,104.06,0.25,0.0036,105,103.24,102.86,102.99,102.61,1.45,1.52,0.3611,14.07,0.77,3238,223,0
817,104.22,104.107,0.25,0.0033,113,101.69,101.317,101.44,101.067,2.91,1.52,0.3503,14.37,0.72,10178,494,0
890,104.36,104.318,0.25,0.0033,134,101.7,101.258,101.45,101.008,3.11,1.52,0.3503,14.37,0.72,13157,530,0
898,103.636,103.633,0.25,0.0116,96,100.946,99.833,100.696,99.583,3.495,1.52,0.544,10.63,1.91,10498,538,0
912,104.428,104.506,0.25,0.0033,140,101.818,101.356,101.568,101.106,3.13,1.52,0.3503,14.37,0.72,13827,516,0
4,103.574,103.503,0.25,0.0144,69,101.984,100.993,101.734,100.743,2.3,1.14,0.5379,8.81,1.99,3912,260,0
5,103.74,103.499,0.25,0.0329,88,102.05,99.159,101.8,98.909,3.265,1.14,0.7175,7.24,3.76,9036,270,0
121,104.26,104.247,0.25,0.1042,15,102.51,100.947,102.26,100.697,2.775,1.14,1.0717,5.52,9.16,1240,275,0
123,104.292,104.314,0.25,0.0085,15,102.312,102.184,102.062,101.934,2.305,1.14,0.4475,9.98,1.32,854,340,0
163,104.077,104.298,0.25,0.0874,27,102.857,100.498,102.607,100.248,2.76,1.14,1.0081,5.76,8.01,2210,225,0
164,104.188,104.142,0.25,0.0033,29,102.318,102.222,102.068,101.972,2.145,1.14,0.3214,12.51,0.64,1398,309,0
172,104.254,104.384,0.25,0.0115,33,102.624,102.244,102.374,101.994,2.135,1.14,0.4973,9.29,1.67,1573,264,0
178,104.331,104.287,0.25,0.0173,35,102.841,102.237,102.591,101.987,2.02,1.14,0.5735,8.43,2.29,1448,251,0
181,104.133,104.108,0.25,0.0033,35,102.633,102.518,102.383,102.268,1.795,1.14,0.3214,12.51,0.64,1287,252,0
201,104.405,104.39,0.25,0.0033,41,102.745,102.61,102.495,102.36,1.97,1.14,0.3214,12.51,0.64,1631,267,0
202,104.048,104.183,0.25,0.0033,41,102.558,102.423,102.308,102.173,1.875,1.14,0.3214,12.51,0.64,1564,251,0
206,103.588,103.637,0.25,0.0226,42,101.878,100.927,101.628,100.677,2.46,1.14,0.6295,7.92,2.82,2749,271,0
217,104.164,103.922,0.25,0.0033,43,101.694,101.552,101.444,101.302,2.67,1.14,0.3214,12.51,0.64,3308,477,0
232,103.707,103.515,0.25,0.0033,46,102.187,102.035,101.937,101.785,1.75,1.14,0.3214,12.51,0.64,1656,253,0
272,104.009,103.967,0.25,0.0033,49,102.399,102.237,102.149,101.987,1.92,1.14,0.3214,12.51,0.64,1907,262,0
279,104.314,104.349,0.25,0.0033,50,102.764,102.599,102.514,102.349,1.9,1.14,0.3214,12.51,0.64,1929,256,0
284,104.256,104.051,0.25,0.0033,50,101.776,101.611,101.526,101.361,2.71,1.14,0.3214,12.51,0.64,3956,480,0
297,104.534,104.589,0.25,0.0033,50,102.924,102.759,102.674,102.509,1.97,1.14,0.3214,12.51,0.64,1989,262,0
308,103.814,104.319,0.25,0.0033,50,101.374,101.209,101.124,100.959,3.025,1.14,0.3214,12.51,0.64,4786,468,0
325,104.21,104.245,0.25,0.0033,50,102.58,102.415,102.33,102.165,1.98,1.14,0.3214,12.51,0.64,1997,264,0
342,104.453,104.295,0.25,0.0033,51,103.023,102.855,102.773,102.605,1.685,1.14,0.3214,12.51,0.64,1778,245,0
344,104.538,104.46,0.25,0.0033,51,102.878,102.71,102.628,102.46,1.955,1.14,0.3214,12.51,0.64,2015,267,0
354,104.162,104.134,0.25,0.0033,51,102.782,102.614,102.532,102.364,1.7,1.14,0.3214,12.51,0.64,1792,240,0
368,103.606,103.588,0.25,0.0033,51,101.886,101.718,101.636,101.468,2.045,1.14,0.3214,12.51,0.64,2180,272,0
369,104.59,104.662,0.25,0.0033,51,103.05,102.882,102.8,102.632,1.91,1.14,0.3214,12.51,0.64,1976,255,0
396,103.648,103.652,0.25,0.0463,52,101.968,99.562,101.718,99.312,3.135,1.14,0.8081,6.68,4.9,5143,269,0
399,103.596,103.854,0.25,0.0033,52,101.116,100.944,100.866,100.694,2.945,1.14,0.3214,12.51,0.64,4783,480,0
428,103.8,103.738,0.25,0.0033,52,102.31,102.138,102.06,101.888,1.795,1.14,0.3214,12.51,0.64,1912,251,0
435,103.643,103.651,0.25,0.0033,52,102.013,101.841,101.763,101.591,1.97,1.14,0.3214,12.51,0.64,2068,264,0
439,104.172,104.584,0.25,0.0175,52,102.832,101.924,102.582,101.674,2.25,1.14,0.5758,8.41,2.31,2806,236,0
442,104.147,104.055,0.25,0.0033,52,102.527,102.355,102.277,102.105,1.91,1.14,0.3214,12.51,0.64,2015,263,0
478,103.477,103.392,0.25,0.0033,53,102.097,101.922,101.847,101.672,1.675,1.14,0.3214,12.51,0.64,1839,240,0
486,104.667,104.382,0.25,0.0033,53,103.197,103.022,102.947,102.772,1.665,1.14,0.3214,12.51,0.64,1830,249,0
505,103.867,104.159,0.25,0.0033,54,101.557,101.379,101.307,101.129,2.795,1.14,0.3214,12.51,0.64,4524,432,0
517,103.5,103.482,0.25,0.0033,54,102.3,102.122,102.05,101.872,1.53,1.14,0.3214,12.51,0.64,1739,223,0
518,104.54,104.502,0.25,0.0033,54,103.13,102.952,102.88,102.702,1.73,1.14,0.3214,12.51,0.64,1925,243,0
526,103.939,103.991,0.25,0.0033,54,102.049,101.871,101.799,101.621,2.255,1.14,0.3214,12.51,0.64,2929,314,0
544,103.614,103.651,0.25,0.0041,54,102.064,101.841,101.814,101.591,1.93,1.14,0.3468,11.88,0.75,2111,256,0
560,104.249,104.01,0.25,0.0034,55,102.999,102.81,102.749,102.56,1.475,1.14,0.3248,12.42,0.65,1719,228,0
561,104.07,103.948,0.25,0.0033,55,102.87,102.688,102.62,102.438,1.48,1.14,0.3214,12.51,0.64,1724,223,0
574,104.417,104.466,0.25,0.0033,55,102.797,102.616,102.547,102.366,1.985,1.14,0.3214,12.51,0.64,2202,263,0
587,104.407,104.376,0.25,0.0033,55,102.927,102.746,102.677,102.496,1.805,1.14,0.3214,12.51,0.64,2032,250,0
589,103.906,103.774,0.25,0.0033,55,102.546,102.364,102.296,102.114,1.635,1.14,0.3214,12.51,0.64,1871,238,0
593,104.246,104.224,0.25,0.0033,55,102.726,102.544,102.476,102.294,1.85,1.14,0.3214,12.51,0.64,2074,253,0
616,104.184,104.212,0.25,0.0033,55,102.734,102.552,102.484,102.302,1.805,1.14,0.3214,12.51,0.64,2032,247,0
623,104.205,104.084,0.25,0.0033,55,102.485,102.304,102.235,102.054,2,1.14,0.3214,12.51,0.64,2216,272,0
640,104.678,104.623,0.25,0.0033,56,102.908,102.723,102.658,102.473,2.085,1.14,0.3214,12.51,0.64,2517,281,0
663,104.117,104.149,0.25,0.0033,57,102.607,102.419,102.357,102.169,1.87,1.14,0.3214,12.51,0.64,2169,253,0
675,103.397,103.309,0.25,0.0033,57,102.157,101.969,101.907,101.719,1.54,1.14,0.3214,12.51,0.64,1846,227,0
678,104.098,104.087,0.25,0.0033,58,102.358,102.167,102.108,101.917,2.08,1.14,0.3214,12.51,0.64,2591,274,0
693,104.556,104.501,0.25,0.0033,59,101.686,101.491,101.436,101.241,3.19,1.14,0.3214,12.51,0.64,5930,574,0
695,103.393,103.458,0.25,0.0033,59,101.933,101.738,101.683,101.488,1.84,1.14,0.3214,12.51,0.64,2215,248,0
698,104.193,104.205,0.25,0.0033,60,102.703,102.505,102.453,102.255,1.845,1.14,0.3214,12.51,0.64,2258,251,0
706,104.284,104.383,0.25,0.0033,61,102.564,102.363,102.314,102.113,2.12,1.14,0.3214,12.51,0.64,2858,272,0
709,104.11,104.115,0.25,0.0033,62,102.59,102.385,102.34,102.135,1.875,1.14,0.3214,12.51,0.64,2365,253,0
712,103.49,103.454,0.25,0.0053,62,102.07,101.744,101.82,101.494,1.815,1.14,0.3794,11.17,0.92,2301,244,0
746,103.829,103.952,0.25,0.0106,76,102.409,101.602,102.159,101.352,2.135,1.14,0.4834,9.47,1.57,3624,244,0
760,104.394,104.384,0.25,0.0033,85,102.524,102.244,102.274,101.994,2.255,1.14,0.3214,12.51,0.64,4611,309,0
768,103.345,103.411,0.25,0.0033,89,100.995,100.701,100.745,100.451,2.78,1.14,0.3214,12.51,0.64,7383,443,0
769,104.158,104.244,0.25,0.0077,90,101.598,100.904,101.348,100.654,3.2,1.14,0.4323,10.22,1.22,9072,502,0
794,103.866,103.707,0.25,0.0106,103,101.646,100.557,101.396,100.307,2.935,1.14,0.4834,9.47,1.57,9418,407,0
800,104.12,104.114,0.25,0.0084,106,102.16,101.274,101.91,101.024,2.65,1.14,0.4456,10.01,1.31,8040,334,0
807,104.95,104.44,0.25,0.0047,109,103.75,103.24,103.5,102.99,1.45,1.14,0.3638,11.5,0.84,3361,223,0
808,104.327,104.47,0.25,0.0074,109,101.637,100.83,101.387,100.58,3.415,1.14,0.4263,10.32,1.19,11666,538,0
819,104.305,104.37,0.25,0.0123,114,102.135,100.73,101.885,100.48,3.155,1.14,0.5091,9.14,1.76,11342,393,0
825,104.457,104.428,0.25,0.0033,118,102.207,101.818,101.957,101.568,2.68,1.14,0.3214,12.51,0.64,9144,415,0
843,103.729,103.803,0.25,0.0033,123,101.739,101.333,101.489,101.083,2.48,1.14,0.3214,12.51,0.64,8186,342,0
854,104.084,104.212,0.25,0.0033,125,102.244,101.832,101.994,101.582,2.36,1.14,0.3214,12.51,0.64,7498,300,0
877,104.307,104.241,0.25,0.0033,132,102.347,101.911,102.097,101.661,2.395,1.14,0.3214,12.51,0.64,8171,334,0
882,104.286,104.22,0.25,0.0033,132,102.126,101.69,101.876,101.44,2.595,1.14,0.3214,12.51,0.64,9615,390,0
909,103.498,103.636,0.25,0.0033,152,101.448,100.946,101.198,100.696,2.62,1.14,0.3214,12.51,0.64,11280,359,0
923,104.299,104.36,0.25,0.0033,145,102.179,101.7,101.929,101.45,2.64,1.14,0.3214,12.51,0.64,10919,379,0
933,104.255,104.249,0.25,0.0033,153,100.915,100.409,100.665,100.159,3.84,1.14,0.3214,12.51,0.64,18262,649,0
3,103.56,103.504,0.25,0.0207,70,102.01,100.564,101.76,100.314,2.495,0.76,0.5399,6.67,2.19,4716,256,0
134,104.278,104.287,0.25,0.0144,16,102.468,102.237,102.218,101.987,2.18,0.76,0.4758,7.27,1.65,802,292,0
142,104.271,104.284,0.25,0.0819,19,102.601,101.044,102.351,100.794,2.705,0.76,0.8711,4.83,6.32,1498,268,0
188,104.926,104.634,0.25,0.0033,37,102.836,102.714,102.586,102.464,2.255,0.76,0.2846,10.31,0.53,2007,370,0
189,104.572,104.54,0.25,0.0033,37,103.252,103.13,103.002,102.88,1.615,0.76,0.2846,10.31,0.53,1246,234,0
222,103.627,103.648,0.25,0.0033,45,102.117,101.968,101.867,101.718,1.845,0.76,0.2846,10.31,0.53,1693,252,0
229,104.23,104.228,0.25,0.0435,46,103.03,101.028,102.78,100.778,2.45,0.76,0.6991,5.61,3.88,2986,223,0
234,104.17,103.5,0.25,0.0146,46,102.97,102.3,102.72,102.05,1.45,0.76,0.4781,7.25,1.67,1418,223,0
245,103.555,103.49,0.25,0.0033,47,102.225,102.07,101.975,101.82,1.625,0.76,0.2846,10.31,0.53,1590,235,0
254,103.867,103.829,0.25,0.0033,48,102.567,102.409,102.317,102.159,1.61,0.76,0.2846,10.31,0.53,1612,233,0
259,104.155,104.117,0.25,0.0033,48,102.765,102.607,102.515,102.357,1.7,0.76,0.2846,10.31,0.53,1686,241,0
273,103.998,104.256,0.25,0.0033,49,101.938,101.776,101.688,101.526,2.52,0.76,0.2846,10.31,0.53,3368,362,0
285,104.538,104.453,0.25,0.0033,50,103.188,103.023,102.938,102.773,1.64,0.76,0.2846,10.31,0.53,1705,237,0
333,104.2,104.172,0.25,0.0033,51,103,102.832,102.75,102.582,1.52,0.76,0.2846,10.31,0.53,1634,223,0
334,104.414,104.246,0.25,0.0033,51,102.894,102.726,102.644,102.476,1.77,0.76,0.2846,10.31,0.53,1853,253,0
345,104.205,104.299,0.25,0.004,51,102.335,102.129,102.085,101.879,2.27,0.76,0.3043,9.85,0.61,2808,309,0
355,104.202,104.284,0.25,0.0033,51,102.732,102.564,102.482,102.314,1.845,0.76,0.2846,10.31,0.53,1919,249,0
359,104.375,104.417,0.25,0.0033,51,102.965,102.797,102.715,102.547,1.765,0.76,0.2846,10.31,0.53,1849,243,0
378,103.555,103.707,0.25,0.0033,51,102.355,102.187,102.105,101.937,1.61,0.76,0.2846,10.31,0.53,1713,223,0
384,103.565,103.477,0.25,0.0033,51,102.265,102.097,102.015,101.847,1.59,0.76,0.2846,10.31,0.53,1695,233,0
387,104.15,104.162,0.25,0.0033,51,102.95,102.782,102.7,102.532,1.54,0.76,0.2846,10.31,0.53,1651,223,0
397,104.71,104.678,0.25,0.0033,52,103.08,102.908,102.83,102.658,1.95,0.76,0.2846,10.31,0.53,2050,264,0
401,104.406,104.254,0.25,0.0033,52,102.796,102.624,102.546,102.374,1.87,0.76,0.2846,10.31,0.53,1979,262,0
403,104.53,104.538,0.25,0.0033,52,103.05,102.878,102.8,102.628,1.82,0.76,0.2846,10.31,0.53,1934,250,0
406,104.422,104.479,0.25,0.0179,52,101.652,100.719,101.402,100.469,3.515,0.76,0.5132,6.91,1.96,5716,558,0
408,104.205,104.193,0.25,0.0033,52,102.875,102.703,102.625,102.453,1.66,0.76,0.2846,10.31,0.53,1791,235,0
409,103.738,104.556,0.25,0.0033,52,101.858,101.686,101.608,101.436,2.625,0.76,0.2846,10.31,0.53,3873,312,0
410,104.355,104.254,0.25,0.0533,52,103.075,100.304,102.825,100.054,2.865,0.76,0.7503,5.34,4.54,4556,231,0
434,104.2,104.048,0.25,0.0033,52,102.73,102.558,102.48,102.308,1.73,0.76,0.2846,10.31,0.53,1854,249,0
438,103.702,103.74,0.25,0.0033,52,102.222,102.05,101.972,101.8,1.835,0.76,0.2846,10.31,0.53,1948,250,0
450,103.692,103.637,0.25,0.0033,53,102.192,102.017,101.942,101.767,1.81,0.76,0.2846,10.31,0.53,1962,252,0
456,104.41,104.405,0.25,0.0033,53,102.92,102.745,102.67,102.495,1.825,0.76,0.2846,10.31,0.53,1976,251,0
461,104.442,104.407,0.25,0.0033,53,103.102,102.927,102.852,102.677,1.66,0.76,0.2846,10.31,0.53,1825,236,0
464,104.376,104.331,0.25,0.0033,53,103.016,102.841,102.766,102.591,1.675,0.76,0.2846,10.31,0.53,1839,238,0
466,104.135,104.11,0.25,0.0033,53,102.765,102.59,102.515,102.34,1.695,0.76,0.2846,10.31,0.53,1857,239,0
468,104.054,104.009,0.25,0.0033,53,102.574,102.399,102.324,102.149,1.795,0.76,0.2846,10.31,0.53,1949,250,0
469,104.158,104.133,0.25,0.0033,53,102.808,102.633,102.558,102.383,1.675,0.76,0.2846,10.31,0.53,1839,237,0
472,103.752,103.397,0.25,0.0033,53,102.332,102.157,102.082,101.907,1.58,0.76,0.2846,10.31,0.53,1753,244,0
479,103.358,103.393,0.25,0.0033,53,102.108,101.933,101.858,101.683,1.605,0.76,0.2846,10.31,0.53,1775,228,0
491,103.785,103.8,0.25,0.0033,53,102.485,102.31,102.235,102.06,1.645,0.76,0.2846,10.31,0.53,1812,233,0
493,104.28,104.07,0.25,0.004,53,103.08,102.87,102.83,102.62,1.45,0.76,0.3043,9.85,0.61,1634,223,0
502,103.612,103.614,0.25,0.0033,54,102.242,102.064,101.992,101.814,1.71,0.76,0.2846,10.31,0.53,1906,239,0
513,103.877,103.939,0.25,0.0033,54,102.227,102.049,101.977,101.799,2.02,0.76,0.2846,10.31,0.53,2235,266,0
519,104.608,104.59,0.25,0.0033,54,103.228,103.05,102.978,102.8,1.71,0.76,0.2846,10.31,0.53,1906,240,0
538,104.582,104.534,0.25,0.0033,54,103.102,102.924,102.852,102.674,1.795,0.76,0.2846,10.31,0.53,1985,250,0
543,104.133,104.205,0.25,0.0033,54,102.663,102.485,102.413,102.235,1.845,0.76,0.2846,10.31,0.53,2032,249,0
551,104.244,104.065,0.25,0.0528,54,102.744,99.895,102.494,99.645,3.085,0.76,0.7478,5.36,4.51,5263,252,0
552,103.596,103.588,0.25,0.0033,54,102.056,101.878,101.806,101.628,1.875,0.76,0.2846,10.31,0.53,2060,255,0
563,103.93,104.098,0.25,0.0033,55,102.54,102.358,102.29,102.108,1.815,0.76,0.2846,10.31,0.53,2041,241,0
564,104.185,104.184,0.25,0.0033,55,102.915,102.734,102.665,102.484,1.61,0.76,0.2846,10.31,0.53,1847,230,0
579,104.048,103.906,0.25,0.0033,55,102.728,102.546,102.478,102.296,1.59,0.76,0.2846,10.31,0.53,1828,234,0
586,104.172,104.21,0.25,0.0033,55,102.762,102.58,102.512,102.33,1.77,0.76,0.2846,10.31,0.53,1998,243,0
591,103.587,103.606,0.25,0.0033,55,102.067,101.886,101.817,101.636,1.87,0.76,0.2846,10.31,0.53,2093,253,0
622,103.216,103.814,0.25,0.0033,55,101.556,101.374,101.306,101.124,2.3,0.76,0.2846,10.31,0.53,3119,267,0
632,103.242,103.867,0.25,0.0033,56,101.742,101.557,101.492,101.307,2.155,0.76,0.2846,10.31,0.53,2731,252,0
634,104.345,104.314,0.25,0.0157,56,103.065,102.184,102.815,101.934,1.955,0.76,0.4903,7.12,1.77,2213,231,0
639,104.932,104.667,0.25,0.0033,56,103.382,103.197,103.132,102.947,1.76,0.76,0.2846,10.31,0.53,2025,256,0
677,104.205,104.193,0.25,0.0337,57,102.255,100.333,102.005,100.083,3.155,0.76,0.6397,5.95,3.19,5671,331,0
686,104.325,104.314,0.25,0.0033,58,102.955,102.764,102.705,102.514,1.71,0.76,0.2846,10.31,0.53,2048,239,0
691,104.098,104.147,0.25,0.0033,58,102.718,102.527,102.468,102.277,1.75,0.76,0.2846,10.31,0.53,2088,240,0
705,104.4,104.249,0.25,0.0033,61,103.2,102.999,102.95,102.749,1.475,0.76,0.2846,10.31,0.53,1907,223,0
711,103.598,103.643,0.25,0.0033,62,102.218,102.013,101.968,101.763,1.755,0.76,0.2846,10.31,0.53,2237,240,0
723,104.304,104.26,0.25,0.0033,65,102.724,102.51,102.474,102.26,1.915,0.76,0.2846,10.31,0.53,2524,259,0
728,104.325,104.077,0.25,0.0033,66,103.075,102.857,102.825,102.607,1.485,0.76,0.2846,10.31,0.53,2075,228,0
733,104.298,104.394,0.25,0.0033,68,102.748,102.524,102.498,102.274,1.96,0.76,0.2846,10.31,0.53,2693,256,0
734,103.96,103.596,0.25,0.0033,68,101.34,101.116,101.09,100.866,2.8,0.76,0.2846,10.31,0.53,5716,519,0
754,104.331,104.457,0.25,0.0033,80,102.471,102.207,102.221,101.957,2.305,0.76,0.2846,10.31,0.53,4558,306,0
757,104.082,104.158,0.25,0.0033,83,101.872,101.598,101.622,101.348,2.635,0.76,0.2846,10.31,0.53,6227,404,0
758,104.264,104.252,0.25,0.011,83,102.694,101.782,102.444,101.532,2.27,0.76,0.4331,7.75,1.34,4570,258,0
759,104.405,104.349,0.25,0.0261,84,102.985,100.789,102.735,100.539,2.74,0.76,0.5852,6.32,2.62,6785,244,0
762,104.397,104.343,0.25,0.0033,86,102.537,102.253,102.287,102.003,2.225,0.76,0.2846,10.31,0.53,4524,306,0
763,103.75,103.646,0.25,0.0033,86,102.33,102.046,102.08,101.796,1.76,0.76,0.2846,10.31,0.53,3110,244,0
764,104.432,104.594,0.25,0.0156,87,102.522,101.164,102.272,100.914,2.92,0.76,0.4892,7.13,1.76,7884,320,0
779,103.51,103.684,0.25,0.0131,96,102.31,101.054,102.06,100.804,2.165,0.76,0.4603,7.43,1.54,4735,223,0
780,104.171,104.241,0.25,0.0033,97,102.571,102.251,102.321,102.001,2.045,0.76,0.2846,10.31,0.53,4147,261,0
790,104.211,104.188,0.25,0.0033,101,102.651,102.318,102.401,102.068,1.965,0.76,0.2846,10.31,0.53,4009,257,0
797,104.007,104.12,0.25,0.0033,105,102.507,102.16,102.257,101.91,1.98,0.76,0.2846,10.31,0.53,4195,252,0
798,107.447,104.95,0.25,0.0237,105,106.237,103.75,105.987,103.5,1.455,0.76,0.5659,6.47,2.43,3247,224,0
799,104.355,104.455,0.25,0.031,106,103.055,99.765,102.805,99.515,3.245,0.76,0.6213,6.07,2.99,10823,233,0
802,103.946,103.866,0.25,0.0033,106,101.996,101.646,101.746,101.396,2.335,0.76,0.2846,10.31,0.53,6214,331,0
804,103.642,103.729,0.25,0.0033,107,102.092,101.739,101.842,101.489,2.02,0.76,0.2846,10.31,0.53,4429,256,0
809,104.287,104.307,0.25,0.0033,109,102.707,102.347,102.457,102.097,2.02,0.76,0.2846,10.31,0.53,4511,259,0
812,104.382,104.152,0.25,0.0231,110,102.392,99.852,102.142,99.602,3.395,0.76,0.5609,6.5,2.38,11710,342,0
816,103.21,104.327,0.25,0.0033,113,102.01,101.637,101.76,101.387,2.195,0.76,0.2846,10.31,0.53,5759,223,0
823,104.284,104.215,0.25,0.0033,118,102.584,102.195,102.334,101.945,2.11,0.76,0.2846,10.31,0.53,5465,271,0
832,103.43,103.364,0.25,0.0033,120,102.23,101.834,101.98,101.584,1.615,0.76,0.2846,10.31,0.53,4041,223,0
841,103.85,104.084,0.25,0.0033,123,102.65,102.244,102.4,101.994,1.77,0.76,0.2846,10.31,0.53,4470,223,0
844,103.341,103.345,0.25,0.0033,123,101.401,100.995,101.151,100.745,2.395,0.76,0.2846,10.31,0.53,7614,328,0
879,104.161,104.305,0.25,0.0033,132,102.571,102.135,102.321,101.885,2.13,0.76,0.2846,10.31,0.53,6258,260,0
880,104.162,104.286,0.25,0.0033,132,102.562,102.126,102.312,101.876,2.13,0.76,0.2846,10.31,0.53,6258,261,0
884,103.499,103.502,0.25,0.0142,133,101.409,99.522,101.159,99.272,3.285,0.76,0.4735,7.29,1.63,13734,370,0
895,103.504,103.498,0.25,0.0033,123,101.854,101.448,101.604,101.198,2.1,0.76,0.2846,10.31,0.53,5629,266,0
917,104.331,104.299,0.25,0.0033,140,102.641,102.179,102.391,101.929,2.155,0.76,0.2846,10.31,0.53,6828,270,0
929,104.137,104.255,0.25,0.0033,149,101.407,100.915,101.157,100.665,3.285,0.76,0.2846,10.31,0.53,15386,550,0
942,104.368,104.164,0.25,0.0033,189,102.318,101.694,102.068,101.444,2.51,0.76,0.2846,10.31,0.53,12889,359,0
103,104.241,104.241,0.25,0.043,10,102.681,102.251,102.431,102.001,2.025,0.38,0.5637,4.06,2.8,416,257,0
144,104.191,104.47,0.25,0.0911,19,102.561,100.83,102.311,100.58,2.885,0.38,0.7315,3.41,5,1685,264,0
151,107.51,107.447,0.25,0.0033,22,106.31,106.237,106.06,105.987,1.455,0.38,0.2308,7.42,0.39,680,223,0
174,104.222,104.244,0.25,0.0581,33,102.822,100.904,102.572,100.654,2.62,0.38,0.6258,3.79,3.54,2449,242,0
190,104.2,104.205,0.25,0.0033,38,103,102.875,102.75,102.625,1.515,0.38,0.2308,7.42,0.39,1214,223,0
194,104.602,104.579,0.25,0.0539,39,103.242,101.139,102.992,100.889,2.65,0.38,0.6097,3.85,3.33,2958,238,0
208,105.02,104.17,0.25,0.0202,42,103.82,102.97,103.57,102.72,1.45,0.38,0.4335,4.85,1.57,1295,223,0
219,103.642,103.627,0.25,0.0033,44,102.262,102.117,102.012,101.867,1.695,0.38,0.2308,7.42,0.39,1542,240,0
221,104.221,104.133,0.25,0.0033,45,102.811,102.663,102.561,102.413,1.69,0.38,0.2308,7.42,0.39,1573,243,0
235,103.46,103.358,0.25,0.0033,46,102.26,102.108,102.01,101.858,1.475,0.38,0.2308,7.42,0.39,1438,223,0
243,103.71,103.555,0.25,0.0033,47,102.51,102.355,102.26,102.105,1.45,0.38,0.2308,7.42,0.39,1449,223,0
256,104.61,104.572,0.25,0.0033,48,103.41,103.252,103.16,103.002,1.51,0.38,0.2308,7.42,0.39,1529,223,0
267,104.338,104.926,0.25,0.0033,49,102.998,102.836,102.748,102.586,1.965,0.38,0.2308,7.42,0.39,1945,236,0
277,104.455,104.41,0.25,0.0033,50,103.085,102.92,102.835,102.67,1.68,0.38,0.2308,7.42,0.39,1739,239,0
283,103.592,103.587,0.25,0.0033,50,102.232,102.067,101.982,101.817,1.69,0.38,0.2308,7.42,0.39,1748,238,0
286,103.788,104.152,0.25,0.0501,50,102.358,99.852,102.108,99.602,3.115,0.38,0.5944,3.92,3.15,4916,245,0
292,104.43,104.345,0.25,0.0033,50,103.23,103.065,102.98,102.815,1.49,0.38,0.2308,7.42,0.39,1576,223,0
295,103.559,103.574,0.25,0.0033,50,102.149,101.984,101.899,101.734,1.75,0.38,0.2308,7.42,0.39,1800,243,0
296,104.42,104.355,0.25,0.0033,50,103.22,103.055,102.97,102.805,1.5,0.38,0.2308,7.42,0.39,1585,223,0
305,103.85,103.785,0.25,0.0033,50,102.65,102.485,102.4,102.235,1.5,0.38,0.2308,7.42,0.39,1585,223,0
306,103.598,103.574,0.25,0.0047,50,102.218,101.984,101.968,101.734,1.735,0.38,0.261,6.83,0.51,1787,240,0
313,104.33,104.375,0.25,0.0033,50,103.13,102.965,102.88,102.715,1.555,0.38,0.2308,7.42,0.39,1632,223,0
321,104.28,104.185,0.25,0.0033,50,103.08,102.915,102.83,102.665,1.485,0.38,0.2308,7.42,0.39,1572,223,0
337,104.412,104.414,0.25,0.0033,51,103.062,102.894,102.812,102.644,1.685,0.38,0.2308,7.42,0.39,1778,237,0
343,103.935,103.867,0.25,0.0033,51,102.735,102.567,102.485,102.317,1.5,0.38,0.2308,7.42,0.39,1616,223,0
352,104.13,104.172,0.25,0.0033,51,102.93,102.762,102.68,102.512,1.555,0.38,0.2308,7.42,0.39,1664,223,0
358,103.61,103.612,0.25,0.0033,51,102.41,102.242,102.16,101.992,1.535,0.38,0.2308,7.42,0.39,1647,223,0
364,104.47,104.442,0.25,0.0033,51,103.27,103.102,103.02,102.852,1.52,0.38,0.2308,7.42,0.39,1634,223,0
367,103.7,103.752,0.25,0.0033,51,102.5,102.332,102.25,102.082,1.56,0.38,0.2308,7.42,0.39,1669,223,0
382,104.47,104.582,0.25,0.0033,51,103.27,103.102,103.02,102.852,1.59,0.38,0.2308,7.42,0.39,1695,223,0
389,104.268,104.2,0.25,0.0033,51,102.898,102.73,102.648,102.48,1.67,0.38,0.2308,7.42,0.39,1765,239,0
404,104.508,104.376,0.25,0.0033,52,103.188,103.016,102.938,102.766,1.59,0.38,0.2308,7.42,0.39,1728,234,0
411,104.1,104.048,0.25,0.0033,52,102.9,102.728,102.65,102.478,1.51,0.38,0.2308,7.42,0.39,1657,223,0
443,104.6,104.608,0.25,0.0033,52,103.4,103.228,103.15,102.978,1.54,0.38,0.2308,7.42,0.39,1684,223,0
445,104.56,104.538,0.25,0.0033,52,103.36,103.188,103.11,102.938,1.525,0.38,0.2308,7.42,0.39,1670,223,0
462,105.03,104.28,0.25,0.0142,53,103.83,103.08,103.58,102.83,1.45,0.38,0.3835,5.27,1.19,1634,223,0
475,104.36,104.405,0.25,0.0033,53,103.16,102.985,102.91,102.735,1.56,0.38,0.2308,7.42,0.39,1734,223,0
480,104.14,104.135,0.25,0.0033,53,102.94,102.765,102.69,102.515,1.535,0.38,0.2308,7.42,0.39,1712,223,0
485,103.64,103.565,0.25,0.0033,53,102.44,102.265,102.19,102.015,1.5,0.38,0.2308,7.42,0.39,1680,223,0
490,104.45,104.325,0.25,0.0033,53,103.25,103.075,103,102.825,1.475,0.38,0.2308,7.42,0.39,1657,223,0
495,104.485,104.53,0.25,0.0033,53,103.225,103.05,102.975,102.8,1.62,0.38,0.2308,7.42,0.39,1789,229,0
498,104.33,104.325,0.25,0.0033,53,103.13,102.955,102.88,102.705,1.535,0.38,0.2308,7.42,0.39,1712,223,0
509,104.76,104.932,0.25,0.0033,54,103.56,103.382,103.31,103.132,1.625,0.38,0.2308,7.42,0.39,1827,223,0
510,103.6,103.702,0.25,0.0033,54,102.4,102.222,102.15,101.972,1.59,0.38,0.2308,7.42,0.39,1795,223,0
516,104.5,104.23,0.25,0.005,54,103.3,103.03,103.05,102.78,1.45,0.38,0.2667,6.73,0.53,1665,223,0
539,103.845,103.877,0.25,0.0033,54,102.405,102.227,102.155,101.977,1.795,0.38,0.2308,7.42,0.39,1985,246,0
540,104.092,104.054,0.25,0.0033,54,102.752,102.574,102.502,102.324,1.66,0.38,0.2308,7.42,0.39,1860,236,0
547,103.57,103.692,0.25,0.0033,54,102.37,102.192,102.12,101.942,1.6,0.38,0.2308,7.42,0.39,1804,223,0
548,104.11,104.202,0.25,0.0033,54,102.91,102.732,102.66,102.482,1.585,0.38,0.2308,7.42,0.39,1790,223,0
567,103.552,103.56,0.25,0.0033,55,102.192,102.01,101.942,101.76,1.705,0.38,0.2308,7.42,0.39,1937,238,0
571,104.702,104.71,0.25,0.0033,55,103.262,103.08,103.012,102.83,1.785,0.38,0.2308,7.42,0.39,2013,246,0
573,104.178,104.406,0.25,0.0033,55,102.978,102.796,102.728,102.546,1.655,0.38,0.2308,7.42,0.39,1890,223,0
592,103.24,103.738,0.25,0.0033,55,102.04,101.858,101.79,101.608,1.79,0.38,0.2308,7.42,0.39,2017,223,0
596,103.32,103.998,0.25,0.0033,55,102.12,101.938,101.87,101.688,1.88,0.38,0.2308,7.42,0.39,2102,223,0
601,103.6,103.598,0.25,0.0033,55,102.4,102.218,102.15,101.968,1.54,0.38,0.2308,7.42,0.39,1781,223,0
605,104.002,103.93,0.25,0.0033,55,102.722,102.54,102.472,102.29,1.585,0.38,0.2308,7.42,0.39,1823,231,0
606,103.598,103.596,0.25,0.0033,55,102.238,102.056,101.988,101.806,1.7,0.38,0.2308,7.42,0.39,1932,238,0
609,104.36,104.15,0.25,0.0038,55,103.16,102.95,102.91,102.7,1.45,0.38,0.2424,7.18,0.43,1696,223,0
619,104.1,104.098,0.25,0.0033,55,102.9,102.718,102.65,102.468,1.54,0.38,0.2308,7.42,0.39,1781,223,0
625,104.19,104.158,0.25,0.0033,55,102.99,102.808,102.74,102.558,1.525,0.38,0.2308,7.42,0.39,1767,223,0
641,104.46,104.355,0.25,0.0033,56,103.26,103.075,103.01,102.825,1.49,0.38,0.2308,7.42,0.39,1765,223,0
649,103.77,103.21,0.25,0.01,56,102.57,102.01,102.32,101.76,1.45,0.38,0.3395,5.72,0.91,1727,223,0
653,104.15,104.155,0.25,0.0033,56,102.95,102.765,102.7,102.515,1.545,0.38,0.2308,7.42,0.39,1818,223,0
672,104.65,104.4,0.25,0.0044,57,103.45,103.2,103.2,102.95,1.45,0.38,0.2551,6.93,0.48,1757,223,0
708,104.422,104.397,0.25,0.0033,62,102.742,102.537,102.492,102.287,2.02,0.38,0.2308,7.42,0.39,2566,269,0
710,104,103.364,0.25,0.0156,62,102.8,101.834,102.55,101.584,1.615,0.38,0.3963,5.15,1.28,2088,223,0
713,104.68,104.2,0.25,0.0077,62,103.48,103,103.23,102.75,1.45,0.38,0.31,6.08,0.74,1912,223,0
717,103.63,103.555,0.25,0.0033,62,102.43,102.225,102.18,101.975,1.515,0.38,0.2308,7.42,0.39,1981,223,0
718,104.69,104.634,0.25,0.0123,63,103.49,102.714,103.24,102.464,1.81,0.38,0.3648,5.45,1.07,2333,223,0
719,104.25,104.271,0.25,0.0071,63,103.05,102.601,102.8,102.351,1.685,0.38,0.3013,6.2,0.7,2197,223,0
720,104.375,104.244,0.25,0.0033,64,102.955,102.744,102.705,102.494,1.71,0.38,0.2308,7.42,0.39,2259,244,0
722,104.266,104.432,0.25,0.0033,65,102.736,102.522,102.486,102.272,1.97,0.38,0.2308,7.42,0.39,2585,254,0
739,102.99,103.216,0.25,0.0033,71,101.79,101.556,101.54,101.306,1.68,0.38,0.2308,7.42,0.39,2470,223,0
761,103.692,103.642,0.25,0.0033,85,102.372,102.092,102.122,101.842,1.685,0.38,0.2308,7.42,0.39,2964,234,0
765,104.495,104.371,0.25,0.0166,87,103.045,101.601,102.795,101.351,2.36,0.38,0.4049,5.08,1.35,5219,247,0
766,104.251,104.215,0.25,0.0081,88,102.911,102.195,102.661,101.945,1.93,0.38,0.3155,6.01,0.77,3440,236,0
787,103.86,103.75,0.25,0.0033,100,102.66,102.33,102.41,102.08,1.56,0.38,0.2308,7.42,0.39,3273,223,0
792,104.35,104.343,0.25,0.0088,102,103.15,102.253,102.9,102.003,1.895,0.38,0.3247,5.89,0.82,3926,223,0
801,103.78,103.683,0.25,0.0057,106,102.58,101.973,102.33,101.723,1.705,0.38,0.2792,6.52,0.59,3733,223,0
810,104.27,104.287,0.25,0.0033,110,103.07,102.707,102.82,102.457,1.64,0.38,0.2308,7.42,0.39,3751,223,0
811,104.07,104.007,0.25,0.0033,110,102.87,102.507,102.62,102.257,1.6,0.38,0.2308,7.42,0.39,3676,223,0
822,104.28,104.264,0.25,0.0033,117,103.08,102.694,102.83,102.444,1.635,0.38,0.2308,7.42,0.39,3980,223,0
826,103.29,103.341,0.25,0.0033,118,101.79,101.401,101.54,101.151,1.97,0.38,0.2308,7.42,0.39,4694,252,0
834,103.971,104.082,0.25,0.0033,121,102.271,101.872,102.021,101.622,2.205,0.38,0.2308,7.42,0.39,6233,271,0
838,104.17,104.161,0.25,0.0033,121,102.97,102.571,102.72,102.321,1.645,0.38,0.2308,7.42,0.39,4137,223,0
840,104.21,104.114,0.25,0.0142,122,103.01,101.274,102.76,101.024,2.27,0.38,0.3835,5.27,1.19,6718,223,0
842,104.191,104.205,0.25,0.0033,123,102.661,102.255,102.411,102.005,1.99,0.38,0.2308,7.42,0.39,4935,254,0
845,104.448,104.292,0.25,0.0033,123,102.718,102.312,102.468,102.062,2.105,0.38,0.2308,7.42,0.39,5663,273,0
846,104.4,103.85,0.25,0.0044,124,103.2,102.65,102.95,102.4,1.45,0.38,0.2551,6.93,0.48,3824,223,0
851,103.29,103.6,0.25,0.0045,125,102.09,101.53,101.84,101.28,1.885,0.38,0.2571,6.9,0.49,4790,223,0
862,104.361,104.382,0.25,0.0033,127,102.811,102.392,102.561,102.142,2.02,0.38,0.2308,7.42,0.39,5257,256,0
864,104.187,104.205,0.25,0.0033,128,102.757,102.335,102.507,102.085,1.9,0.38,0.2308,7.42,0.39,4938,245,0
869,104.2,104.171,0.25,0.0033,130,103,102.571,102.75,102.321,1.65,0.38,0.2308,7.42,0.39,4456,223,0
878,104.22,104.284,0.25,0.0033,132,103.02,102.584,102.77,102.334,1.7,0.38,0.2308,7.42,0.39,4638,223,0
883,104.29,104.211,0.25,0.0033,133,103.09,102.651,102.84,102.401,1.63,0.38,0.2308,7.42,0.39,4513,223,0
891,103.5,103.504,0.25,0.0033,135,102.3,101.854,102.05,101.604,1.675,0.38,0.2308,7.42,0.39,4685,223,0
892,104.37,104.304,0.25,0.0033,135,103.17,102.724,102.92,102.474,1.64,0.38,0.2308,7.42,0.39,4604,223,0
896,104.12,104.331,0.25,0.0033,136,102.92,102.471,102.67,102.221,1.78,0.38,0.2308,7.42,0.39,4966,223,0
897,104.29,104.331,0.25,0.0033,136,103.09,102.641,102.84,102.391,1.695,0.38,0.2308,7.42,0.39,4767,223,0
900,103.97,104.368,0.25,0.0033,137,102.77,102.318,102.52,102.068,1.875,0.38,0.2308,7.42,0.39,5226,223,0
905,103.498,103.499,0.25,0.0033,139,101.868,101.409,101.618,101.159,2.11,0.38,0.2308,7.42,0.39,6438,264,0
913,104.41,104.298,0.25,0.0033,140,103.21,102.748,102.96,102.498,1.625,0.38,0.2308,7.42,0.39,4738,223,0
921,104.045,103.946,0.25,0.0033,142,102.465,101.996,102.215,101.746,2.015,0.38,0.2308,7.42,0.39,5839,259,0
922,104.24,104.162,0.25,0.0033,145,103.04,102.562,102.79,102.312,1.65,0.38,0.2308,7.42,0.39,4970,223,0
925,104.45,103.51,0.25,0.0065,145,103.25,102.31,103,102.06,1.45,0.38,0.2922,6.33,0.65,4471,223,0
927,104.35,104.545,0.25,0.009,148,103.15,101.825,102.9,101.575,2.21,0.38,0.3273,5.86,0.84,7664,223,0
928,104.16,104.278,0.25,0.0033,149,102.96,102.468,102.71,102.218,1.755,0.38,0.2308,7.42,0.39,5376,223,0
932,104.051,103.637,0.25,0.005,152,102.781,102.017,102.531,101.767,1.695,0.38,0.2667,6.73,0.53,5328,230,0
934,104.67,104.292,0.25,0.0074,156,103.47,102.312,103.22,102.062,1.84,0.38,0.3057,6.14,0.72,5857,223,0
936,103.38,104.422,0.25,0.0033,160,102.18,101.652,101.93,101.402,2.235,0.38,0.2308,7.42,0.39,8504,223,0
939,104.12,103.43,0.25,0.0041,167,102.92,102.23,102.67,101.98,1.45,0.38,0.2489,7.05,0.46,5150,223,0
941,103.52,103.242,0.25,0.0033,175,102.32,101.742,102.07,101.492,1.6,0.38,0.2308,7.42,0.39,5848,223,0
944,103.28,104.137,0.25,0.0033,204,102.08,101.407,101.83,101.157,2.215,0.38,0.2308,7.42,0.39,10620,223,0
945,103.671,103.952,0.25,0.0033,230,102.361,101.602,102.111,101.352,2.08,0.38,0.2308,7.42,0.39,10275,234,0
946,103.48,103.96,0.25,0.0033,285,102.28,101.34,102.03,101.09,2.16,0.38,0.2308,7.42,0.39,13979,223,0
947,103.5,103.633,0.25,0.005,496,102.3,99.833,102.05,99.583,2.75,0.38,0.2667,6.73,0.53,40337,223,0
948,103.5,103.502,0.25,0.0062,448,102.3,99.522,102.05,99.272,2.84,0.38,0.2875,6.4,0.63,38639,223,0
949,103.5,103.503,0.25,0.0033,396,102.3,100.993,102.05,100.743,2.105,0.38,0.2308,7.42,0.39,18233,223,0
950,103.5,103.504,0.25,0.0045,389,102.3,100.564,102.05,100.314,2.32,0.38,0.2571,6.9,0.49,22485,223,0
951,103.5,103.503,0.25,0.0073,352,102.3,99.743,102.05,99.493,2.73,0.38,0.3043,6.16,0.71,28241,223,0
952,103.5,103.505,0.25,0.0137,239,102.3,99.035,102.05,98.785,3.085,0.38,0.3788,5.31,1.16,23294,223,0
953,102,103.569,0.25,0.0033,182,100.8,100.199,100.55,99.949,2.535,0.38,0.2308,7.42,0.39,12660,223,0
954,103.5,103.499,0.25,0.0033,282,102.3,101.369,102.05,101.119,1.915,0.38,0.2308,7.42,0.39,10952,223,0
955,103.5,103.499,0.25,0.0077,410,102.3,99.159,102.05,98.909,3.02,0.38,0.31,6.08,0.74,39187,223,0
104,104.27,104.261,0.25,0.1881,11,103.07,101.001,102.82,100.751,2.48,0,0,0,0,732,223,0
107,104.11,104.098,0.25,0.1435,12,102.91,101.188,102.66,100.938,2.305,0,0,0,0,683,223,0
110,104.59,104.591,0.25,0.1899,13,103.39,100.921,103.14,100.671,2.685,0,0,0,0,1011,223,0
111,104.26,104.26,0.25,0.0423,13,103.06,102.51,102.81,102.26,1.725,0,0,0,0,462,223,0
122,104.38,104.346,0.25,0.1083,15,103.18,101.556,102.93,101.306,2.245,0,0,0,0,805,223,0
129,104.45,104.634,0.25,0.0357,15,103.25,102.714,103,102.464,1.81,0,0,0,0,555,223,0
132,104.28,104.292,0.25,0.048,16,103.08,102.312,102.83,102.062,1.84,0,0,0,0,600,223,0
135,104.15,104.188,0.25,0.0395,16,102.95,102.318,102.7,102.068,1.785,0,0,0,0,585,223,0
143,104.21,104.192,0.25,0.0746,19,103.01,101.592,102.76,101.342,2.15,0,0,0,0,921,223,0
155,104.58,104.579,0.25,0.0513,24,103.38,102.149,103.13,101.899,2.065,0,0,0,0,1052,223,0
167,104.3,104.124,0.25,0.0942,30,103.1,100.274,102.85,100.024,2.775,0,0,0,0,2480,223,0
179,104.21,104.241,0.25,0.0094,35,103.01,102.681,102.76,102.431,1.63,0,0,0,0,1187,223,0
204,104.15,104.221,0.25,0.0033,42,102.95,102.811,102.7,102.561,1.555,0,0,0,0,1371,223,0
209,104.25,104.251,0.25,0.0033,42,103.05,102.911,102.8,102.661,1.52,0,0,0,0,1345,223,0
238,104.46,104,0.25,0.0098,47,103.26,102.8,103.01,102.55,1.45,0,0,0,0,1449,223,0
266,104.36,104.338,0.25,0.0033,49,103.16,102.998,102.91,102.748,1.52,0,0,0,0,1570,223,0
276,104.1,103.935,0.25,0.0033,50,102.9,102.735,102.65,102.485,1.45,0,0,0,0,1542,223,0
303,104.45,104.455,0.25,0.0033,50,103.25,103.085,103,102.835,1.535,0,0,0,0,1615,223,0
338,104.43,104.412,0.25,0.0033,51,103.23,103.062,102.98,102.812,1.525,0,0,0,0,1638,223,0
339,104.19,104.222,0.25,0.0033,51,102.99,102.822,102.74,102.572,1.55,0,0,0,0,1660,223,0
356,104.14,104.192,0.25,0.0264,51,102.94,101.592,102.69,101.342,2.15,0,0,0,0,2473,223,0
361,104.61,104.602,0.25,0.0033,51,103.41,103.242,103.16,102.992,1.53,0,0,0,0,1643,223,0
365,104.69,104.47,0.25,0.0043,51,103.49,103.27,103.24,103.02,1.45,0,0,0,0,1572,223,0
383,103.6,103.592,0.25,0.0033,51,102.4,102.232,102.15,101.982,1.53,0,0,0,0,1643,223,0
402,104.68,104.43,0.25,0.0048,52,103.48,103.23,103.23,102.98,1.45,0,0,0,0,1603,223,0
426,104.56,104.508,0.25,0.0033,52,103.36,103.188,103.11,102.938,1.51,0,0,0,0,1657,223,0
444,103.61,103.598,0.25,0.0033,52,102.41,102.238,102.16,101.988,1.53,0,0,0,0,1675,223,0
449,104.76,104.5,0.25,0.005,52,103.56,103.3,103.31,103.05,1.45,0,0,0,0,1603,223,0
455,104.6,104.485,0.25,0.0033,53,103.4,103.225,103.15,102.975,1.48,0,0,0,0,1661,223,0
459,103.78,103.845,0.25,0.0033,53,102.58,102.405,102.33,102.155,1.57,0,0,0,0,1743,223,0
494,104.42,104.495,0.25,0.0033,53,103.22,103.045,102.97,102.795,1.575,0,0,0,0,1748,223,0
496,104.33,104.375,0.25,0.0033,53,103.13,102.955,102.88,102.705,1.56,0,0,0,0,1734,223,0
514,104.13,104.092,0.25,0.0033,54,102.93,102.752,102.68,102.502,1.52,0,0,0,0,1730,223,0
520,104.1,104.002,0.25,0.0033,54,102.9,102.722,102.65,102.472,1.49,0,0,0,0,1702,223,0
531,103.57,103.552,0.25,0.0033,54,102.37,102.192,102.12,101.942,1.53,0,0,0,0,1739,223,0
553,103.64,103.642,0.25,0.0033,54,102.44,102.262,102.19,102.012,1.54,0,0,0,0,1748,223,0
578,104.28,104.268,0.25,0.0033,55,103.08,102.898,102.83,102.648,1.535,0,0,0,0,1776,223,0
582,104.36,104.178,0.25,0.0033,55,103.16,102.978,102.91,102.728,1.45,0,0,0,0,1696,223,0
599,103.6,103.598,0.25,0.0033,55,102.4,102.218,102.15,101.968,1.54,0,0,0,0,1781,223,0
603,103.74,103.788,0.25,0.0033,55,102.54,102.358,102.29,102.108,1.565,0,0,0,0,1804,223,0
671,104.65,104.702,0.25,0.0033,57,103.45,103.262,103.2,103.012,1.57,0,0,0,0,1875,223,0
697,104.28,104.228,0.25,0.0342,60,103.08,101.028,102.83,100.778,2.45,0,0,0,0,3894,223,0
721,103.56,103.559,0.25,0.0033,64,102.36,102.149,102.11,101.899,1.555,0,0,0,0,2089,223,0
731,104.47,104.278,0.25,0.012,67,103.27,102.468,103.02,102.218,1.755,0,0,0,0,2417,223,0
736,107.45,105.02,0.25,0.0347,70,106.25,103.82,106,103.57,1.45,0,0,0,0,2158,223,0
738,104.33,104.26,0.25,0.0087,71,103.13,102.51,102.88,102.26,1.725,0,0,0,0,2525,223,0
750,104.19,104.266,0.25,0.0033,77,102.99,102.736,102.74,102.486,1.615,0,0,0,0,2593,223,0
752,107.51,105.03,0.25,0.0318,78,106.31,103.83,106.06,103.58,1.45,0,0,0,0,2405,223,0
771,103.29,103.29,0.25,0.0033,91,102.09,101.79,101.84,101.54,1.6,0,0,0,0,3041,223,0
774,104.45,103.922,0.25,0.0183,93,103.25,101.552,103,101.302,2.035,0,0,0,0,3925,223,0
795,104.35,104.193,0.25,0.0271,104,103.15,100.333,102.9,100.083,2.78,0,0,0,0,8628,223,0
803,104.36,104.16,0.25,0.0033,106,103.16,102.81,102.91,102.56,1.525,0,0,0,0,3405,223,0
805,104.17,104.252,0.25,0.011,108,102.97,101.782,102.72,101.532,2.085,0,0,0,0,4854,223,0
818,104.2,104.191,0.25,0.0039,113,103,102.561,102.75,102.311,1.665,0,0,0,0,3902,223,0
828,103.86,103.971,0.25,0.0033,118,102.66,102.271,102.41,102.021,1.7,0,0,0,0,4146,223,0
829,104.35,104.187,0.25,0.0033,119,103.15,102.757,102.9,102.507,1.565,0,0,0,0,3905,223,0
831,104.27,104.124,0.25,0.0233,120,103.07,100.274,102.82,100.024,2.775,0,0,0,0,9923,223,0
836,104.41,104.361,0.25,0.0033,121,103.21,102.811,102.96,102.561,1.625,0,0,0,0,4095,223,0
848,104.29,104.241,0.25,0.0033,124,103.09,102.681,102.84,102.431,1.63,0,0,0,0,4208,223,0
849,103.97,103.671,0.25,0.0033,124,102.77,102.361,102.52,102.111,1.505,0,0,0,0,3941,223,0
860,104.4,104.051,0.25,0.0033,127,103.2,102.781,102.95,102.531,1.485,0,0,0,0,3993,223,0
868,104.29,104.191,0.25,0.0033,130,103.09,102.661,102.84,102.411,1.615,0,0,0,0,4378,223,0
874,103.5,103.498,0.25,0.0033,131,102.3,101.868,102.05,101.618,1.665,0,0,0,0,4524,223,0
881,103.67,103.361,0.25,0.022,132,102.47,99.571,102.22,99.321,2.745,0,0,0,0,10698,223,0
885,104.24,104.271,0.25,0.0033,133,103.04,102.601,102.79,102.351,1.685,0,0,0,0,4639,223,0
901,104.37,104.448,0.25,0.0033,137,103.17,102.718,102.92,102.468,1.715,0,0,0,0,4849,223,0
906,104.22,104.191,0.25,0.0033,139,103.02,102.561,102.77,102.311,1.665,0,0,0,0,4800,223,0
926,104.43,104.422,0.25,0.0033,148,103.23,102.742,102.98,102.492,1.69,0,0,0,0,5175,223,0
930,104.16,104.045,0.25,0.0033,150,102.96,102.465,102.71,102.215,1.64,0,0,0,0,5116,223,0
931,104.07,103.692,0.25,0.0033,151,102.87,102.372,102.62,102.122,1.51,0,0,0,0,4812,223,0
940,104.67,104.584,0.25,0.0094,168,103.47,101.894,103.22,101.644,2.195,0,0,0,0,8562,223,0
